row_id,predicted_trips
TEST-00001,47
TEST-00002,46
TEST-00003,34
TEST-00004,64
TEST-00005,21
TEST-00006,22
TEST-00007,8
TEST-00008,59
TEST-00009,42
TEST-00010,52
TEST-00011,16
TEST-00012,6
TEST-00013,38
TEST-00014,5
TEST-00015,45
TEST-00016,21
TEST-00017,42
TEST-00018,18
TEST-00019,111
TEST-00020,50
TEST-00021,16
TEST-00022,22
TEST-00023,78
TEST-00024,7
TEST-00025,43
TEST-00026,31
TEST-00027,15
TEST-00028,6
TEST-00029,17
TEST-00030,11
TEST-00031,5
TEST-00032,84
TEST-00033,27
TEST-00034,24
TEST-00035,58
TEST-00036,33
TEST-00037,73
TEST-00038,39
TEST-00039,26
TEST-00040,25
TEST-00041,12
TEST-00042,9
TEST-00043,12
TEST-00044,9
TEST-00045,42
TEST-00046,6
TEST-00047,116
TEST-00048,21
TEST-00049,15
TEST-00050,48
TEST-00051,49
TEST-00052,8
TEST-00053,23
TEST-00054,34
TEST-00055,58
TEST-00056,41
TEST-00057,47
TEST-00058,79
TEST-00059,100
TEST-00060,32
TEST-00061,26
TEST-00062,19
TEST-00063,5
TEST-00064,9
TEST-00065,39
TEST-00066,69
TEST-00067,10
TEST-00068,21
TEST-00069,24
TEST-00070,25
TEST-00071,45
TEST-00072,37
TEST-00073,38
TEST-00074,30
TEST-00075,83
TEST-00076,43
TEST-00077,32
TEST-00078,7
TEST-00079,18
TEST-00080,7
TEST-00081,5
TEST-00082,18
TEST-00083,20
TEST-00084,31
TEST-00085,27
TEST-00086,42
TEST-00087,5
TEST-00088,33
TEST-00089,36
TEST-00090,38
TEST-00091,12
TEST-00092,33
TEST-00093,10
TEST-00094,38
TEST-00095,17
TEST-00096,96
TEST-00097,33
TEST-00098,4
TEST-00099,21
TEST-00100,5
TEST-00101,23
TEST-00102,64
TEST-00103,19
TEST-00104,54
TEST-00105,35
TEST-00106,52
TEST-00107,39
TEST-00108,28
TEST-00109,48
TEST-00110,41
TEST-00111,23
TEST-00112,23
TEST-00113,5
TEST-00114,53
TEST-00115,4
TEST-00116,62
TEST-00117,22
TEST-00118,32
TEST-00119,28
TEST-00120,106
TEST-00121,28
TEST-00122,23
TEST-00123,29
TEST-00124,76
TEST-00125,16
TEST-00126,4
TEST-00127,24
TEST-00128,85
TEST-00129,17
TEST-00130,7
TEST-00131,49
TEST-00132,6
TEST-00133,3
TEST-00134,49
TEST-00135,27
TEST-00136,21
TEST-00137,37
TEST-00138,17
TEST-00139,16
TEST-00140,16
TEST-00141,7
TEST-00142,4
TEST-00143,20
TEST-00144,55
TEST-00145,38
TEST-00146,6
TEST-00147,19
TEST-00148,9
TEST-00149,7
TEST-00150,33
TEST-00151,2
TEST-00152,11
TEST-00153,39
TEST-00154,18
TEST-00155,24
TEST-00156,70
TEST-00157,20
TEST-00158,6
TEST-00159,18
TEST-00160,15
TEST-00161,57
TEST-00162,32
TEST-00163,94
TEST-00164,36
TEST-00165,4
TEST-00166,28
TEST-00167,4
TEST-00168,63
TEST-00169,6
TEST-00170,3
TEST-00171,25
TEST-00172,41
TEST-00173,10
TEST-00174,39
TEST-00175,46
TEST-00176,32
TEST-00177,29
TEST-00178,25
TEST-00179,54
TEST-00180,75
TEST-00181,14
TEST-00182,42
TEST-00183,38
TEST-00184,57
TEST-00185,102
TEST-00186,8
TEST-00187,37
TEST-00188,21
TEST-00189,39
TEST-00190,5
TEST-00191,38
TEST-00192,21
TEST-00193,12
TEST-00194,47
TEST-00195,22
TEST-00196,22
TEST-00197,59
TEST-00198,57
TEST-00199,72
TEST-00200,59
TEST-00201,6
TEST-00202,35
TEST-00203,52
TEST-00204,38
TEST-00205,17
TEST-00206,5
TEST-00207,6
TEST-00208,53
TEST-00209,9
TEST-00210,46
TEST-00211,44
TEST-00212,12
TEST-00213,46
TEST-00214,5
TEST-00215,43
TEST-00216,22
TEST-00217,50
TEST-00218,10
TEST-00219,35
TEST-00220,43
TEST-00221,6
TEST-00222,84
TEST-00223,5
TEST-00224,5
TEST-00225,39
TEST-00226,44
TEST-00227,6
TEST-00228,38
TEST-00229,47
TEST-00230,52
TEST-00231,32
TEST-00232,32
TEST-00233,22
TEST-00234,37
TEST-00235,26
TEST-00236,5
TEST-00237,25
TEST-00238,6
TEST-00239,7
TEST-00240,5
TEST-00241,6
TEST-00242,5
TEST-00243,49
TEST-00244,27
TEST-00245,7
TEST-00246,57
TEST-00247,29
TEST-00248,16
TEST-00249,31
TEST-00250,21
TEST-00251,62
TEST-00252,3
TEST-00253,43
TEST-00254,7
TEST-00255,8
TEST-00256,27
TEST-00257,19
TEST-00258,54
TEST-00259,35
TEST-00260,23
TEST-00261,29
TEST-00262,5
TEST-00263,44
TEST-00264,44
TEST-00265,25
TEST-00266,99
TEST-00267,35
TEST-00268,26
TEST-00269,41
TEST-00270,17
TEST-00271,86
TEST-00272,19
TEST-00273,34
TEST-00274,21
TEST-00275,23
TEST-00276,20
TEST-00277,30
TEST-00278,8
TEST-00279,15
TEST-00280,13
TEST-00281,33
TEST-00282,46
TEST-00283,126
TEST-00284,8
TEST-00285,22
TEST-00286,8
TEST-00287,39
TEST-00288,4
TEST-00289,106
TEST-00290,58
TEST-00291,23
TEST-00292,57
TEST-00293,34
TEST-00294,5
TEST-00295,18
TEST-00296,12
TEST-00297,9
TEST-00298,23
TEST-00299,4
TEST-00300,5
TEST-00301,6
TEST-00302,19
TEST-00303,5
TEST-00304,41
TEST-00305,38
TEST-00306,17
TEST-00307,49
TEST-00308,8
TEST-00309,8
TEST-00310,36
TEST-00311,5
TEST-00312,32
TEST-00313,6
TEST-00314,53
TEST-00315,51
TEST-00316,6
TEST-00317,53
TEST-00318,49
TEST-00319,15
TEST-00320,39
TEST-00321,38
TEST-00322,7
TEST-00323,106
TEST-00324,5
TEST-00325,8
TEST-00326,28
TEST-00327,4
TEST-00328,30
TEST-00329,49
TEST-00330,33
TEST-00331,37
TEST-00332,5
TEST-00333,4
TEST-00334,3
TEST-00335,25
TEST-00336,19
TEST-00337,8
TEST-00338,5
TEST-00339,25
TEST-00340,7
TEST-00341,4
TEST-00342,39
TEST-00343,58
TEST-00344,22
TEST-00345,50
TEST-00346,6
TEST-00347,5
TEST-00348,12
TEST-00349,40
TEST-00350,117
TEST-00351,5
TEST-00352,36
TEST-00353,20
TEST-00354,62
TEST-00355,18
TEST-00356,51
TEST-00357,88
TEST-00358,27
TEST-00359,48
TEST-00360,16
TEST-00361,30
TEST-00362,69
TEST-00363,4
TEST-00364,9
TEST-00365,44
TEST-00366,37
TEST-00367,7
TEST-00368,5
TEST-00369,3
TEST-00370,46
TEST-00371,23
TEST-00372,3
TEST-00373,6
TEST-00374,13
TEST-00375,20
TEST-00376,6
TEST-00377,24
TEST-00378,34
TEST-00379,26
TEST-00380,9
TEST-00381,8
TEST-00382,7
TEST-00383,24
TEST-00384,73
TEST-00385,6
TEST-00386,4
TEST-00387,35
TEST-00388,56
TEST-00389,60
TEST-00390,37
TEST-00391,51
TEST-00392,23
TEST-00393,18
TEST-00394,5
TEST-00395,57
TEST-00396,9
TEST-00397,40
TEST-00398,47
TEST-00399,55
TEST-00400,69
TEST-00401,23
TEST-00402,43
TEST-00403,32
TEST-00404,48
TEST-00405,80
TEST-00406,15
TEST-00407,4
TEST-00408,52
TEST-00409,6
TEST-00410,49
TEST-00411,20
TEST-00412,45
TEST-00413,12
TEST-00414,34
TEST-00415,5
TEST-00416,19
TEST-00417,5
TEST-00418,48
TEST-00419,24
TEST-00420,7
TEST-00421,5
TEST-00422,6
TEST-00423,57
TEST-00424,40
TEST-00425,57
TEST-00426,6
TEST-00427,21
TEST-00428,6
TEST-00429,32
TEST-00430,14
TEST-00431,58
TEST-00432,33
TEST-00433,25
TEST-00434,50
TEST-00435,48
TEST-00436,6
TEST-00437,43
TEST-00438,31
TEST-00439,116
TEST-00440,24
TEST-00441,45
TEST-00442,58
TEST-00443,61
TEST-00444,13
TEST-00445,54
TEST-00446,19
TEST-00447,5
TEST-00448,60
TEST-00449,50
TEST-00450,6
TEST-00451,16
TEST-00452,29
TEST-00453,18
TEST-00454,11
TEST-00455,50
TEST-00456,74
TEST-00457,60
TEST-00458,15
TEST-00459,40
TEST-00460,46
TEST-00461,94
TEST-00462,4
TEST-00463,6
TEST-00464,24
TEST-00465,36
TEST-00466,16
TEST-00467,73
TEST-00468,47
TEST-00469,47
TEST-00470,22
TEST-00471,7
TEST-00472,19
TEST-00473,48
TEST-00474,8
TEST-00475,7
TEST-00476,23
TEST-00477,96
TEST-00478,131
TEST-00479,18
TEST-00480,45
TEST-00481,56
TEST-00482,8
TEST-00483,6
TEST-00484,7
TEST-00485,54
TEST-00486,66
TEST-00487,37
TEST-00488,31
TEST-00489,11
TEST-00490,63
TEST-00491,21
TEST-00492,10
TEST-00493,4
TEST-00494,81
TEST-00495,36
TEST-00496,27
TEST-00497,12
TEST-00498,95
TEST-00499,53
TEST-00500,37
TEST-00501,40
TEST-00502,9
TEST-00503,5
TEST-00504,35
TEST-00505,17
TEST-00506,19
TEST-00507,50
TEST-00508,4
TEST-00509,50
TEST-00510,54
TEST-00511,6
TEST-00512,23
TEST-00513,76
TEST-00514,4
TEST-00515,35
TEST-00516,51
TEST-00517,21
TEST-00518,77
TEST-00519,25
TEST-00520,34
TEST-00521,42
TEST-00522,42
TEST-00523,16
TEST-00524,61
TEST-00525,18
TEST-00526,18
TEST-00527,49
TEST-00528,3
TEST-00529,14
TEST-00530,28
TEST-00531,82
TEST-00532,5
TEST-00533,22
TEST-00534,45
TEST-00535,49
TEST-00536,42
TEST-00537,37
TEST-00538,138
TEST-00539,9
TEST-00540,19
TEST-00541,80
TEST-00542,39
TEST-00543,27
TEST-00544,9
TEST-00545,32
TEST-00546,4
TEST-00547,39
TEST-00548,19
TEST-00549,17
TEST-00550,20
TEST-00551,36
TEST-00552,34
TEST-00553,20
TEST-00554,44
TEST-00555,34
TEST-00556,56
TEST-00557,32
TEST-00558,48
TEST-00559,52
TEST-00560,48
TEST-00561,94
TEST-00562,44
TEST-00563,47
TEST-00564,37
TEST-00565,44
TEST-00566,6
TEST-00567,37
TEST-00568,25
TEST-00569,34
TEST-00570,71
TEST-00571,8
TEST-00572,36
TEST-00573,8
TEST-00574,10
TEST-00575,37
TEST-00576,4
TEST-00577,27
TEST-00578,9
TEST-00579,23
TEST-00580,105
TEST-00581,17
TEST-00582,10
TEST-00583,103
TEST-00584,6
TEST-00585,41
TEST-00586,8
TEST-00587,4
TEST-00588,12
TEST-00589,28
TEST-00590,4
TEST-00591,16
TEST-00592,46
TEST-00593,30
TEST-00594,39
TEST-00595,37
TEST-00596,48
TEST-00597,4
TEST-00598,28
TEST-00599,3
TEST-00600,35
TEST-00601,45
TEST-00602,62
TEST-00603,43
TEST-00604,33
TEST-00605,34
TEST-00606,43
TEST-00607,19
TEST-00608,50
TEST-00609,14
TEST-00610,3
TEST-00611,37
TEST-00612,31
TEST-00613,47
TEST-00614,9
TEST-00615,20
TEST-00616,47
TEST-00617,39
TEST-00618,51
TEST-00619,5
TEST-00620,24
TEST-00621,99
TEST-00622,5
TEST-00623,23
TEST-00624,26
TEST-00625,57
TEST-00626,54
TEST-00627,108
TEST-00628,66
TEST-00629,56
TEST-00630,6
TEST-00631,38
TEST-00632,45
TEST-00633,24
TEST-00634,9
TEST-00635,6
TEST-00636,8
TEST-00637,6
TEST-00638,52
TEST-00639,18
TEST-00640,8
TEST-00641,5
TEST-00642,36
TEST-00643,18
TEST-00644,9
TEST-00645,39
TEST-00646,51
TEST-00647,50
TEST-00648,14
TEST-00649,67
TEST-00650,20
TEST-00651,37
TEST-00652,49
TEST-00653,17
TEST-00654,4
TEST-00655,17
TEST-00656,39
TEST-00657,6
TEST-00658,46
TEST-00659,58
TEST-00660,88
TEST-00661,18
TEST-00662,24
TEST-00663,6
TEST-00664,33
TEST-00665,68
TEST-00666,59
TEST-00667,54
TEST-00668,56
TEST-00669,5
TEST-00670,46
TEST-00671,41
TEST-00672,33
TEST-00673,27
TEST-00674,50
TEST-00675,18
TEST-00676,51
TEST-00677,5
TEST-00678,33
TEST-00679,3
TEST-00680,41
TEST-00681,66
TEST-00682,26
TEST-00683,41
TEST-00684,44
TEST-00685,64
TEST-00686,86
TEST-00687,47
TEST-00688,20
TEST-00689,5
TEST-00690,9
TEST-00691,19
TEST-00692,62
TEST-00693,46
TEST-00694,27
TEST-00695,59
TEST-00696,5
TEST-00697,12
TEST-00698,4
TEST-00699,20
TEST-00700,63
TEST-00701,64
TEST-00702,18
TEST-00703,28
TEST-00704,7
TEST-00705,44
TEST-00706,23
TEST-00707,34
TEST-00708,7
TEST-00709,31
TEST-00710,5
TEST-00711,49
TEST-00712,4
TEST-00713,15
TEST-00714,46
TEST-00715,46
TEST-00716,49
TEST-00717,5
TEST-00718,48
TEST-00719,5
TEST-00720,40
TEST-00721,5
TEST-00722,3
TEST-00723,22
TEST-00724,40
TEST-00725,83
TEST-00726,37
TEST-00727,4
TEST-00728,33
TEST-00729,4
TEST-00730,38
TEST-00731,6
TEST-00732,4
TEST-00733,20
TEST-00734,23
TEST-00735,33
TEST-00736,15
TEST-00737,66
TEST-00738,31
TEST-00739,30
TEST-00740,10
TEST-00741,35
TEST-00742,15
TEST-00743,16
TEST-00744,23
TEST-00745,13
TEST-00746,52
TEST-00747,151
TEST-00748,15
TEST-00749,12
TEST-00750,47
TEST-00751,6
TEST-00752,37
TEST-00753,9
TEST-00754,4
TEST-00755,26
TEST-00756,7
TEST-00757,18
TEST-00758,8
TEST-00759,4
TEST-00760,6
TEST-00761,11
TEST-00762,40
TEST-00763,12
TEST-00764,45
TEST-00765,9
TEST-00766,30
TEST-00767,5
TEST-00768,6
TEST-00769,18
TEST-00770,42
TEST-00771,17
TEST-00772,87
TEST-00773,6
TEST-00774,20
TEST-00775,3
TEST-00776,56
TEST-00777,5
TEST-00778,16
TEST-00779,37
TEST-00780,5
TEST-00781,4
TEST-00782,93
TEST-00783,3
TEST-00784,4
TEST-00785,52
TEST-00786,80
TEST-00787,29
TEST-00788,5
TEST-00789,27
TEST-00790,46
TEST-00791,62
TEST-00792,48
TEST-00793,38
TEST-00794,4
TEST-00795,19
TEST-00796,17
TEST-00797,48
TEST-00798,8
TEST-00799,32
TEST-00800,5
TEST-00801,9
TEST-00802,87
TEST-00803,86
TEST-00804,75
TEST-00805,54
TEST-00806,5
TEST-00807,42
TEST-00808,97
TEST-00809,5
TEST-00810,25
TEST-00811,14
TEST-00812,83
TEST-00813,24
TEST-00814,43
TEST-00815,45
TEST-00816,25
TEST-00817,12
TEST-00818,41
TEST-00819,33
TEST-00820,18
TEST-00821,47
TEST-00822,27
TEST-00823,9
TEST-00824,24
TEST-00825,32
TEST-00826,62
TEST-00827,10
TEST-00828,8
TEST-00829,76
TEST-00830,7
TEST-00831,19
TEST-00832,31
TEST-00833,36
TEST-00834,32
TEST-00835,104
TEST-00836,9
TEST-00837,22
TEST-00838,50
TEST-00839,29
TEST-00840,19
TEST-00841,3
TEST-00842,5
TEST-00843,19
TEST-00844,80
TEST-00845,50
TEST-00846,48
TEST-00847,10
TEST-00848,41
TEST-00849,8
TEST-00850,99
TEST-00851,17
TEST-00852,22
TEST-00853,23
TEST-00854,36
TEST-00855,7
TEST-00856,44
TEST-00857,39
TEST-00858,6
TEST-00859,61
TEST-00860,43
TEST-00861,59
TEST-00862,47
TEST-00863,20
TEST-00864,41
TEST-00865,5
TEST-00866,44
TEST-00867,16
TEST-00868,29
TEST-00869,129
TEST-00870,36
TEST-00871,93
TEST-00872,10
TEST-00873,33
TEST-00874,41
TEST-00875,34
TEST-00876,53
TEST-00877,40
TEST-00878,20
TEST-00879,3
TEST-00880,17
TEST-00881,26
TEST-00882,46
TEST-00883,84
TEST-00884,24
TEST-00885,66
TEST-00886,87
TEST-00887,16
TEST-00888,84
TEST-00889,8
TEST-00890,85
TEST-00891,8
TEST-00892,23
TEST-00893,45
TEST-00894,86
TEST-00895,52
TEST-00896,5
TEST-00897,46
TEST-00898,33
TEST-00899,9
TEST-00900,4
TEST-00901,4
TEST-00902,7
TEST-00903,5
TEST-00904,30
TEST-00905,76
TEST-00906,19
TEST-00907,10
TEST-00908,18
TEST-00909,49
TEST-00910,54
TEST-00911,31
TEST-00912,22
TEST-00913,53
TEST-00914,58
TEST-00915,19
TEST-00916,18
TEST-00917,67
TEST-00918,72
TEST-00919,49
TEST-00920,27
TEST-00921,22
TEST-00922,21
TEST-00923,5
TEST-00924,49
TEST-00925,23
TEST-00926,45
TEST-00927,4
TEST-00928,52
TEST-00929,4
TEST-00930,30
TEST-00931,37
TEST-00932,23
TEST-00933,27
TEST-00934,84
TEST-00935,40
TEST-00936,22
TEST-00937,7
TEST-00938,83
TEST-00939,34
TEST-00940,26
TEST-00941,7
TEST-00942,11
TEST-00943,142
TEST-00944,9
TEST-00945,88
TEST-00946,60
TEST-00947,6
TEST-00948,7
TEST-00949,34
TEST-00950,7
TEST-00951,15
TEST-00952,6
TEST-00953,93
TEST-00954,53
TEST-00955,10
TEST-00956,93
TEST-00957,28
TEST-00958,53
TEST-00959,18
TEST-00960,8
TEST-00961,19
TEST-00962,24
TEST-00963,40
TEST-00964,42
TEST-00965,25
TEST-00966,19
TEST-00967,74
TEST-00968,58
TEST-00969,35
TEST-00970,19
TEST-00971,51
TEST-00972,37
TEST-00973,107
TEST-00974,55
TEST-00975,57
TEST-00976,25
TEST-00977,33
TEST-00978,66
TEST-00979,45
TEST-00980,9
TEST-00981,48
TEST-00982,8
TEST-00983,26
TEST-00984,42
TEST-00985,59
TEST-00986,95
TEST-00987,45
TEST-00988,59
TEST-00989,17
TEST-00990,35
TEST-00991,36
TEST-00992,54
TEST-00993,55
TEST-00994,7
TEST-00995,4
TEST-00996,44
TEST-00997,34
TEST-00998,40
TEST-00999,4
TEST-01000,20
TEST-01001,119
TEST-01002,8
TEST-01003,9
TEST-01004,37
TEST-01005,17
TEST-01006,23
TEST-01007,4
TEST-01008,6
TEST-01009,16
TEST-01010,8
TEST-01011,6
TEST-01012,60
TEST-01013,41
TEST-01014,105
TEST-01015,11
TEST-01016,22
TEST-01017,6
TEST-01018,55
TEST-01019,22
TEST-01020,47
TEST-01021,5
TEST-01022,3
TEST-01023,4
TEST-01024,10
TEST-01025,72
TEST-01026,24
TEST-01027,54
TEST-01028,5
TEST-01029,58
TEST-01030,80
TEST-01031,4
TEST-01032,19
TEST-01033,3
TEST-01034,6
TEST-01035,46
TEST-01036,33
TEST-01037,22
TEST-01038,21
TEST-01039,48
TEST-01040,32
TEST-01041,14
TEST-01042,56
TEST-01043,6
TEST-01044,42
TEST-01045,6
TEST-01046,14
TEST-01047,9
TEST-01048,6
TEST-01049,39
TEST-01050,10
TEST-01051,45
TEST-01052,5
TEST-01053,54
TEST-01054,18
TEST-01055,34
TEST-01056,24
TEST-01057,35
TEST-01058,27
TEST-01059,40
TEST-01060,4
TEST-01061,4
TEST-01062,55
TEST-01063,25
TEST-01064,29
TEST-01065,39
TEST-01066,41
TEST-01067,23
TEST-01068,3
TEST-01069,6
TEST-01070,4
TEST-01071,10
TEST-01072,45
TEST-01073,53
TEST-01074,34
TEST-01075,37
TEST-01076,34
TEST-01077,26
TEST-01078,24
TEST-01079,38
TEST-01080,17
TEST-01081,38
TEST-01082,54
TEST-01083,39
TEST-01084,80
TEST-01085,7
TEST-01086,65
TEST-01087,42
TEST-01088,62
TEST-01089,8
TEST-01090,92
TEST-01091,36
TEST-01092,139
TEST-01093,17
TEST-01094,27
TEST-01095,13
TEST-01096,13
TEST-01097,5
TEST-01098,17
TEST-01099,7
TEST-01100,39
TEST-01101,22
TEST-01102,58
TEST-01103,21
TEST-01104,54
TEST-01105,26
TEST-01106,39
TEST-01107,66
TEST-01108,4
TEST-01109,41
TEST-01110,24
TEST-01111,23
TEST-01112,60
TEST-01113,68
TEST-01114,47
TEST-01115,13
TEST-01116,4
TEST-01117,93
TEST-01118,17
TEST-01119,19
TEST-01120,23
TEST-01121,65
TEST-01122,56
TEST-01123,25
TEST-01124,9
TEST-01125,4
TEST-01126,16
TEST-01127,39
TEST-01128,20
TEST-01129,43
TEST-01130,15
TEST-01131,5
TEST-01132,61
TEST-01133,23
TEST-01134,22
TEST-01135,31
TEST-01136,4
TEST-01137,6
TEST-01138,56
TEST-01139,5
TEST-01140,22
TEST-01141,6
TEST-01142,98
TEST-01143,4
TEST-01144,5
TEST-01145,9
TEST-01146,80
TEST-01147,27
TEST-01148,29
TEST-01149,36
TEST-01150,11
TEST-01151,60
TEST-01152,11
TEST-01153,7
TEST-01154,34
TEST-01155,88
TEST-01156,37
TEST-01157,5
TEST-01158,23
TEST-01159,49
TEST-01160,41
TEST-01161,18
TEST-01162,60
TEST-01163,39
TEST-01164,39
TEST-01165,54
TEST-01166,73
TEST-01167,46
TEST-01168,21
TEST-01169,10
TEST-01170,64
TEST-01171,11
TEST-01172,11
TEST-01173,62
TEST-01174,44
TEST-01175,38
TEST-01176,4
TEST-01177,35
TEST-01178,11
TEST-01179,107
TEST-01180,5
TEST-01181,65
TEST-01182,84
TEST-01183,6
TEST-01184,15
TEST-01185,17
TEST-01186,20
TEST-01187,8
TEST-01188,16
TEST-01189,10
TEST-01190,5
TEST-01191,66
TEST-01192,46
TEST-01193,23
TEST-01194,53
TEST-01195,22
TEST-01196,27
TEST-01197,35
TEST-01198,49
TEST-01199,57
TEST-01200,12
TEST-01201,5
TEST-01202,4
TEST-01203,56
TEST-01204,90
TEST-01205,19
TEST-01206,55
TEST-01207,23
TEST-01208,5
TEST-01209,43
TEST-01210,9
TEST-01211,57
TEST-01212,40
TEST-01213,23
TEST-01214,5
TEST-01215,7
TEST-01216,54
TEST-01217,20
TEST-01218,70
TEST-01219,4
TEST-01220,10
TEST-01221,18
TEST-01222,7
TEST-01223,28
TEST-01224,5
TEST-01225,47
TEST-01226,50
TEST-01227,42
TEST-01228,47
TEST-01229,43
TEST-01230,43
TEST-01231,6
TEST-01232,30
TEST-01233,43
TEST-01234,59
TEST-01235,47
TEST-01236,64
TEST-01237,3
TEST-01238,58
TEST-01239,40
TEST-01240,5
TEST-01241,5
TEST-01242,113
TEST-01243,49
TEST-01244,43
TEST-01245,45
TEST-01246,5
TEST-01247,45
TEST-01248,26
TEST-01249,71
TEST-01250,35
TEST-01251,22
TEST-01252,6
TEST-01253,23
TEST-01254,40
TEST-01255,52
TEST-01256,7
TEST-01257,25
TEST-01258,59
TEST-01259,68
TEST-01260,12
TEST-01261,14
TEST-01262,25
TEST-01263,121
TEST-01264,98
TEST-01265,23
TEST-01266,30
TEST-01267,7
TEST-01268,6
TEST-01269,33
TEST-01270,8
TEST-01271,7
TEST-01272,64
TEST-01273,25
TEST-01274,3
TEST-01275,28
TEST-01276,11
TEST-01277,23
TEST-01278,20
TEST-01279,93
TEST-01280,12
TEST-01281,15
TEST-01282,33
TEST-01283,65
TEST-01284,6
TEST-01285,50
TEST-01286,7
TEST-01287,24
TEST-01288,41
TEST-01289,20
TEST-01290,86
TEST-01291,26
TEST-01292,13
TEST-01293,15
TEST-01294,50
TEST-01295,8
TEST-01296,47
TEST-01297,5
TEST-01298,26
TEST-01299,17
TEST-01300,50
TEST-01301,42
TEST-01302,33
TEST-01303,19
TEST-01304,24
TEST-01305,50
TEST-01306,21
TEST-01307,53
TEST-01308,20
TEST-01309,6
TEST-01310,90
TEST-01311,34
TEST-01312,8
TEST-01313,59
TEST-01314,10
TEST-01315,6
TEST-01316,10
TEST-01317,27
TEST-01318,27
TEST-01319,49
TEST-01320,25
TEST-01321,88
TEST-01322,4
TEST-01323,18
TEST-01324,19
TEST-01325,38
TEST-01326,16
TEST-01327,7
TEST-01328,5
TEST-01329,19
TEST-01330,7
TEST-01331,33
TEST-01332,7
TEST-01333,15
TEST-01334,36
TEST-01335,64
TEST-01336,33
TEST-01337,21
TEST-01338,19
TEST-01339,58
TEST-01340,21
TEST-01341,5
TEST-01342,5
TEST-01343,23
TEST-01344,74
TEST-01345,22
TEST-01346,21
TEST-01347,12
TEST-01348,4
TEST-01349,21
TEST-01350,17
TEST-01351,66
TEST-01352,10
TEST-01353,47
TEST-01354,21
TEST-01355,52
TEST-01356,12
TEST-01357,61
TEST-01358,41
TEST-01359,53
TEST-01360,103
TEST-01361,53
TEST-01362,20
TEST-01363,15
TEST-01364,23
TEST-01365,5
TEST-01366,5
TEST-01367,10
TEST-01368,35
TEST-01369,48
TEST-01370,28
TEST-01371,41
TEST-01372,95
TEST-01373,80
TEST-01374,58
TEST-01375,5
TEST-01376,60
TEST-01377,12
TEST-01378,19
TEST-01379,20
TEST-01380,35
TEST-01381,7
TEST-01382,43
TEST-01383,21
TEST-01384,23
TEST-01385,4
TEST-01386,57
TEST-01387,13
TEST-01388,45
TEST-01389,31
TEST-01390,31
TEST-01391,25
TEST-01392,5
TEST-01393,25
TEST-01394,51
TEST-01395,24
TEST-01396,30
TEST-01397,39
TEST-01398,28
TEST-01399,64
TEST-01400,44
TEST-01401,51
TEST-01402,19
TEST-01403,45
TEST-01404,48
TEST-01405,17
TEST-01406,28
TEST-01407,47
TEST-01408,25
TEST-01409,34
TEST-01410,101
TEST-01411,41
TEST-01412,69
TEST-01413,125
TEST-01414,55
TEST-01415,43
TEST-01416,10
TEST-01417,6
TEST-01418,45
TEST-01419,67
TEST-01420,39
TEST-01421,48
TEST-01422,7
TEST-01423,14
TEST-01424,49
TEST-01425,48
TEST-01426,16
TEST-01427,44
TEST-01428,4
TEST-01429,6
TEST-01430,8
TEST-01431,4
TEST-01432,5
TEST-01433,36
TEST-01434,56
TEST-01435,46
TEST-01436,46
TEST-01437,59
TEST-01438,38
TEST-01439,5
TEST-01440,38
TEST-01441,26
TEST-01442,49
TEST-01443,54
TEST-01444,17
TEST-01445,30
TEST-01446,90
TEST-01447,53
TEST-01448,36
TEST-01449,57
TEST-01450,5
TEST-01451,32
TEST-01452,8
TEST-01453,50
TEST-01454,33
TEST-01455,21
TEST-01456,8
TEST-01457,42
TEST-01458,6
TEST-01459,4
TEST-01460,108
TEST-01461,7
TEST-01462,5
TEST-01463,60
TEST-01464,20
TEST-01465,15
TEST-01466,9
TEST-01467,45
TEST-01468,5
TEST-01469,3
TEST-01470,70
TEST-01471,19
TEST-01472,30
TEST-01473,13
TEST-01474,35
TEST-01475,35
TEST-01476,6
TEST-01477,16
TEST-01478,10
TEST-01479,39
TEST-01480,32
TEST-01481,83
TEST-01482,13
TEST-01483,25
TEST-01484,4
TEST-01485,10
TEST-01486,4
TEST-01487,20
TEST-01488,93
TEST-01489,9
TEST-01490,12
TEST-01491,5
TEST-01492,41
TEST-01493,3
TEST-01494,31
TEST-01495,39
TEST-01496,21
TEST-01497,45
TEST-01498,46
TEST-01499,57
TEST-01500,25
TEST-01501,49
TEST-01502,12
TEST-01503,37
TEST-01504,29
TEST-01505,55
TEST-01506,6
TEST-01507,19
TEST-01508,8
TEST-01509,26
TEST-01510,34
TEST-01511,22
TEST-01512,60
TEST-01513,27
TEST-01514,37
TEST-01515,57
TEST-01516,20
TEST-01517,22
TEST-01518,91
TEST-01519,16
TEST-01520,39
TEST-01521,38
TEST-01522,30
TEST-01523,47
TEST-01524,35
TEST-01525,12
TEST-01526,45
TEST-01527,36
TEST-01528,18
TEST-01529,46
TEST-01530,7
TEST-01531,75
TEST-01532,4
TEST-01533,6
TEST-01534,7
TEST-01535,56
TEST-01536,11
TEST-01537,5
TEST-01538,7
TEST-01539,16
TEST-01540,4
TEST-01541,36
TEST-01542,6
TEST-01543,49
TEST-01544,32
TEST-01545,5
TEST-01546,27
TEST-01547,36
TEST-01548,42
TEST-01549,5
TEST-01550,24
TEST-01551,52
TEST-01552,25
TEST-01553,49
TEST-01554,8
TEST-01555,37
TEST-01556,45
TEST-01557,59
TEST-01558,8
TEST-01559,24
TEST-01560,17
TEST-01561,6
TEST-01562,55
TEST-01563,5
TEST-01564,5
TEST-01565,36
TEST-01566,7
TEST-01567,93
TEST-01568,40
TEST-01569,38
TEST-01570,11
TEST-01571,102
TEST-01572,3
TEST-01573,12
TEST-01574,3
TEST-01575,25
TEST-01576,57
TEST-01577,26
TEST-01578,5
TEST-01579,38
TEST-01580,18
TEST-01581,14
TEST-01582,45
TEST-01583,51
TEST-01584,15
TEST-01585,18
TEST-01586,28
TEST-01587,19
TEST-01588,45
TEST-01589,20
TEST-01590,37
TEST-01591,38
TEST-01592,51
TEST-01593,35
TEST-01594,60
TEST-01595,51
TEST-01596,5
TEST-01597,20
TEST-01598,5
TEST-01599,42
TEST-01600,22
TEST-01601,35
TEST-01602,4
TEST-01603,59
TEST-01604,45
TEST-01605,5
TEST-01606,3
TEST-01607,17
TEST-01608,66
TEST-01609,47
TEST-01610,49
TEST-01611,6
TEST-01612,11
TEST-01613,52
TEST-01614,41
TEST-01615,3
TEST-01616,97
TEST-01617,26
TEST-01618,22
TEST-01619,33
TEST-01620,45
TEST-01621,17
TEST-01622,49
TEST-01623,7
TEST-01624,68
TEST-01625,10
TEST-01626,6
TEST-01627,52
TEST-01628,12
TEST-01629,22
TEST-01630,45
TEST-01631,36
TEST-01632,37
TEST-01633,20
TEST-01634,29
TEST-01635,38
TEST-01636,64
TEST-01637,50
TEST-01638,4
TEST-01639,23
TEST-01640,11
TEST-01641,36
TEST-01642,44
TEST-01643,5
TEST-01644,18
TEST-01645,44
TEST-01646,9
TEST-01647,35
TEST-01648,16
TEST-01649,4
TEST-01650,24
TEST-01651,19
TEST-01652,7
TEST-01653,5
TEST-01654,56
TEST-01655,6
TEST-01656,41
TEST-01657,10
TEST-01658,45
TEST-01659,11
TEST-01660,58
TEST-01661,17
TEST-01662,11
TEST-01663,56
TEST-01664,42
TEST-01665,5
TEST-01666,7
TEST-01667,39
TEST-01668,7
TEST-01669,8
TEST-01670,35
TEST-01671,34
TEST-01672,12
TEST-01673,35
TEST-01674,10
TEST-01675,47
TEST-01676,129
TEST-01677,8
TEST-01678,31
TEST-01679,39
TEST-01680,9
TEST-01681,41
TEST-01682,51
TEST-01683,5
TEST-01684,17
TEST-01685,59
TEST-01686,17
TEST-01687,3
TEST-01688,32
TEST-01689,44
TEST-01690,29
TEST-01691,20
TEST-01692,38
TEST-01693,9
TEST-01694,75
TEST-01695,5
TEST-01696,15
TEST-01697,19
TEST-01698,10
TEST-01699,15
TEST-01700,56
TEST-01701,29
TEST-01702,60
TEST-01703,39
TEST-01704,23
TEST-01705,4
TEST-01706,17
TEST-01707,56
TEST-01708,11
TEST-01709,20
TEST-01710,31
TEST-01711,22
TEST-01712,10
TEST-01713,5
TEST-01714,49
TEST-01715,46
TEST-01716,9
TEST-01717,7
TEST-01718,21
TEST-01719,96
TEST-01720,30
TEST-01721,19
TEST-01722,9
TEST-01723,11
TEST-01724,65
TEST-01725,11
TEST-01726,6
TEST-01727,5
TEST-01728,10
TEST-01729,72
TEST-01730,13
TEST-01731,36
TEST-01732,31
TEST-01733,42
TEST-01734,10
TEST-01735,68
TEST-01736,42
TEST-01737,14
TEST-01738,31
TEST-01739,3
TEST-01740,44
TEST-01741,21
TEST-01742,5
TEST-01743,64
TEST-01744,13
TEST-01745,8
TEST-01746,50
TEST-01747,20
TEST-01748,6
TEST-01749,81
TEST-01750,6
TEST-01751,9
TEST-01752,23
TEST-01753,20
TEST-01754,43
TEST-01755,9
TEST-01756,15
TEST-01757,60
TEST-01758,5
TEST-01759,69
TEST-01760,5
TEST-01761,36
TEST-01762,103
TEST-01763,23
TEST-01764,37
TEST-01765,56
TEST-01766,17
TEST-01767,51
TEST-01768,29
TEST-01769,45
TEST-01770,29
TEST-01771,3
TEST-01772,34
TEST-01773,44
TEST-01774,61
TEST-01775,51
TEST-01776,16
TEST-01777,46
TEST-01778,78
TEST-01779,16
TEST-01780,50
TEST-01781,32
TEST-01782,71
TEST-01783,38
TEST-01784,55
TEST-01785,7
TEST-01786,8
TEST-01787,81
TEST-01788,17
TEST-01789,9
TEST-01790,51
TEST-01791,24
TEST-01792,13
TEST-01793,22
TEST-01794,88
TEST-01795,6
TEST-01796,13
TEST-01797,5
TEST-01798,44
TEST-01799,50
TEST-01800,11
TEST-01801,26
TEST-01802,16
TEST-01803,93
TEST-01804,19
TEST-01805,25
TEST-01806,8
TEST-01807,20
TEST-01808,22
TEST-01809,11
TEST-01810,17
TEST-01811,21
TEST-01812,110
TEST-01813,28
TEST-01814,5
TEST-01815,23
TEST-01816,33
TEST-01817,41
TEST-01818,29
TEST-01819,56
TEST-01820,59
TEST-01821,38
TEST-01822,7
TEST-01823,41
TEST-01824,64
TEST-01825,48
TEST-01826,68
TEST-01827,41
TEST-01828,62
TEST-01829,49
TEST-01830,24
TEST-01831,47
TEST-01832,56
TEST-01833,46
TEST-01834,9
TEST-01835,55
TEST-01836,41
TEST-01837,40
TEST-01838,42
TEST-01839,23
TEST-01840,38
TEST-01841,47
TEST-01842,45
TEST-01843,47
TEST-01844,25
TEST-01845,107
TEST-01846,51
TEST-01847,9
TEST-01848,107
TEST-01849,42
TEST-01850,6
TEST-01851,14
TEST-01852,100
TEST-01853,3
TEST-01854,19
TEST-01855,28
TEST-01856,6
TEST-01857,24
TEST-01858,86
TEST-01859,5
TEST-01860,5
TEST-01861,39
TEST-01862,42
TEST-01863,15
TEST-01864,40
TEST-01865,5
TEST-01866,19
TEST-01867,20
TEST-01868,24
TEST-01869,17
TEST-01870,6
TEST-01871,56
TEST-01872,6
TEST-01873,15
TEST-01874,29
TEST-01875,103
TEST-01876,49
TEST-01877,20
TEST-01878,12
TEST-01879,33
TEST-01880,21
TEST-01881,17
TEST-01882,4
TEST-01883,47
TEST-01884,18
TEST-01885,89
TEST-01886,47
TEST-01887,17
TEST-01888,51
TEST-01889,49
TEST-01890,47
TEST-01891,32
TEST-01892,89
TEST-01893,9
TEST-01894,39
TEST-01895,23
TEST-01896,4
TEST-01897,39
TEST-01898,20
TEST-01899,34
TEST-01900,7
TEST-01901,19
TEST-01902,102
TEST-01903,5
TEST-01904,9
TEST-01905,46
TEST-01906,23
TEST-01907,17
TEST-01908,88
TEST-01909,46
TEST-01910,80
TEST-01911,9
TEST-01912,39
TEST-01913,10
TEST-01914,20
TEST-01915,108
TEST-01916,53
TEST-01917,33
TEST-01918,21
TEST-01919,62
TEST-01920,60
TEST-01921,46
TEST-01922,10
TEST-01923,38
TEST-01924,58
TEST-01925,37
TEST-01926,5
TEST-01927,70
TEST-01928,7
TEST-01929,7
TEST-01930,39
TEST-01931,5
TEST-01932,84
TEST-01933,22
TEST-01934,58
TEST-01935,54
TEST-01936,103
TEST-01937,58
TEST-01938,8
TEST-01939,52
TEST-01940,19
TEST-01941,31
TEST-01942,40
TEST-01943,54
TEST-01944,58
TEST-01945,21
TEST-01946,86
TEST-01947,85
TEST-01948,52
TEST-01949,82
TEST-01950,33
TEST-01951,20
TEST-01952,47
TEST-01953,94
TEST-01954,3
TEST-01955,50
TEST-01956,104
TEST-01957,24
TEST-01958,49
TEST-01959,42
TEST-01960,21
TEST-01961,22
TEST-01962,74
TEST-01963,20
TEST-01964,18
TEST-01965,6
TEST-01966,19
TEST-01967,57
TEST-01968,50
TEST-01969,62
TEST-01970,4
TEST-01971,17
TEST-01972,4
TEST-01973,40
TEST-01974,48
TEST-01975,16
TEST-01976,24
TEST-01977,46
TEST-01978,40
TEST-01979,23
TEST-01980,82
TEST-01981,5
TEST-01982,45
TEST-01983,42
TEST-01984,46
TEST-01985,58
TEST-01986,49
TEST-01987,23
TEST-01988,7
TEST-01989,44
TEST-01990,5
TEST-01991,62
TEST-01992,34
TEST-01993,11
TEST-01994,26
TEST-01995,17
TEST-01996,12
TEST-01997,45
TEST-01998,46
TEST-01999,21
TEST-02000,65
TEST-02001,48
TEST-02002,3
TEST-02003,48
TEST-02004,8
TEST-02005,65
TEST-02006,85
TEST-02007,57
TEST-02008,5
TEST-02009,32
TEST-02010,49
TEST-02011,12
TEST-02012,29
TEST-02013,9
TEST-02014,56
TEST-02015,5
TEST-02016,35
TEST-02017,30
TEST-02018,103
TEST-02019,3
TEST-02020,26
TEST-02021,24
TEST-02022,17
TEST-02023,4
TEST-02024,16
TEST-02025,91
TEST-02026,17
TEST-02027,17
TEST-02028,4
TEST-02029,4
TEST-02030,5
TEST-02031,7
TEST-02032,10
TEST-02033,46
TEST-02034,83
TEST-02035,29
TEST-02036,40
TEST-02037,30
TEST-02038,37
TEST-02039,38
TEST-02040,38
TEST-02041,17
TEST-02042,90
TEST-02043,5
TEST-02044,8
TEST-02045,56
TEST-02046,48
TEST-02047,7
TEST-02048,5
TEST-02049,65
TEST-02050,23
TEST-02051,44
TEST-02052,79
TEST-02053,21
TEST-02054,68
TEST-02055,26
TEST-02056,11
TEST-02057,6
TEST-02058,5
TEST-02059,34
TEST-02060,34
TEST-02061,66
TEST-02062,18
TEST-02063,6
TEST-02064,6
TEST-02065,65
TEST-02066,19
TEST-02067,36
TEST-02068,9
TEST-02069,44
TEST-02070,7
TEST-02071,90
TEST-02072,17
TEST-02073,9
TEST-02074,85
TEST-02075,17
TEST-02076,16
TEST-02077,46
TEST-02078,40
TEST-02079,92
TEST-02080,7
TEST-02081,50
TEST-02082,53
TEST-02083,46
TEST-02084,45
TEST-02085,41
TEST-02086,19
TEST-02087,61
TEST-02088,44
TEST-02089,16
TEST-02090,26
TEST-02091,43
TEST-02092,44
TEST-02093,36
TEST-02094,36
TEST-02095,25
TEST-02096,50
TEST-02097,88
TEST-02098,54
TEST-02099,19
TEST-02100,4
TEST-02101,23
TEST-02102,6
TEST-02103,15
TEST-02104,11
TEST-02105,29
TEST-02106,42
TEST-02107,43
TEST-02108,5
TEST-02109,68
TEST-02110,13
TEST-02111,23
TEST-02112,40
TEST-02113,49
TEST-02114,36
TEST-02115,24
TEST-02116,17
TEST-02117,22
TEST-02118,40
TEST-02119,11
TEST-02120,22
TEST-02121,23
TEST-02122,88
TEST-02123,42
TEST-02124,59
TEST-02125,6
TEST-02126,4
TEST-02127,34
TEST-02128,18
TEST-02129,11
TEST-02130,17
TEST-02131,138
TEST-02132,126
TEST-02133,22
TEST-02134,90
TEST-02135,51
TEST-02136,60
TEST-02137,38
TEST-02138,7
TEST-02139,7
TEST-02140,6
TEST-02141,12
TEST-02142,63
TEST-02143,25
TEST-02144,9
TEST-02145,26
TEST-02146,50
TEST-02147,24
TEST-02148,16
TEST-02149,24
TEST-02150,28
TEST-02151,23
TEST-02152,9
TEST-02153,7
TEST-02154,52
TEST-02155,69
TEST-02156,46
TEST-02157,30
TEST-02158,36
TEST-02159,58
TEST-02160,26
TEST-02161,11
TEST-02162,56
TEST-02163,25
TEST-02164,27
TEST-02165,61
TEST-02166,5
TEST-02167,85
TEST-02168,31
TEST-02169,5
TEST-02170,59
TEST-02171,21
TEST-02172,31
TEST-02173,24
TEST-02174,31
TEST-02175,26
TEST-02176,57
TEST-02177,48
TEST-02178,3
TEST-02179,64
TEST-02180,65
TEST-02181,6
TEST-02182,20
TEST-02183,56
TEST-02184,27
TEST-02185,22
TEST-02186,36
TEST-02187,32
TEST-02188,60
TEST-02189,8
TEST-02190,31
TEST-02191,19
TEST-02192,47
TEST-02193,48
TEST-02194,15
TEST-02195,8
TEST-02196,4
TEST-02197,68
TEST-02198,15
TEST-02199,24
TEST-02200,4
TEST-02201,4
TEST-02202,7
TEST-02203,26
TEST-02204,15
TEST-02205,22
TEST-02206,5
TEST-02207,22
TEST-02208,38
TEST-02209,17
TEST-02210,7
TEST-02211,46
TEST-02212,11
TEST-02213,48
TEST-02214,13
TEST-02215,6
TEST-02216,19
TEST-02217,18
TEST-02218,43
TEST-02219,40
TEST-02220,18
TEST-02221,6
TEST-02222,46
TEST-02223,19
TEST-02224,97
TEST-02225,51
TEST-02226,46
TEST-02227,84
TEST-02228,9
TEST-02229,32
TEST-02230,6
TEST-02231,39
TEST-02232,49
TEST-02233,102
TEST-02234,46
TEST-02235,6
TEST-02236,27
TEST-02237,43
TEST-02238,34
TEST-02239,35
TEST-02240,66
TEST-02241,7
TEST-02242,23
TEST-02243,73
TEST-02244,6
TEST-02245,40
TEST-02246,23
TEST-02247,86
TEST-02248,35
TEST-02249,8
TEST-02250,58
TEST-02251,16
TEST-02252,21
TEST-02253,9
TEST-02254,51
TEST-02255,7
TEST-02256,4
TEST-02257,30
TEST-02258,43
TEST-02259,35
TEST-02260,81
TEST-02261,39
TEST-02262,4
TEST-02263,55
TEST-02264,4
TEST-02265,10
TEST-02266,3
TEST-02267,19
TEST-02268,42
TEST-02269,9
TEST-02270,9
TEST-02271,64
TEST-02272,3
TEST-02273,30
TEST-02274,44
TEST-02275,57
TEST-02276,29
TEST-02277,11
TEST-02278,35
TEST-02279,48
TEST-02280,8
TEST-02281,5
TEST-02282,52
TEST-02283,52
TEST-02284,4
TEST-02285,51
TEST-02286,9
TEST-02287,16
TEST-02288,17
TEST-02289,33
TEST-02290,16
TEST-02291,102
TEST-02292,35
TEST-02293,22
TEST-02294,9
TEST-02295,63
TEST-02296,51
TEST-02297,17
TEST-02298,23
TEST-02299,46
TEST-02300,6
TEST-02301,13
TEST-02302,23
TEST-02303,77
TEST-02304,30
TEST-02305,47
TEST-02306,75
TEST-02307,44
TEST-02308,19
TEST-02309,39
TEST-02310,53
TEST-02311,6
TEST-02312,5
TEST-02313,13
TEST-02314,64
TEST-02315,26
TEST-02316,43
TEST-02317,19
TEST-02318,39
TEST-02319,83
TEST-02320,4
TEST-02321,28
TEST-02322,58
TEST-02323,42
TEST-02324,45
TEST-02325,50
TEST-02326,52
TEST-02327,98
TEST-02328,27
TEST-02329,33
TEST-02330,20
TEST-02331,25
TEST-02332,26
TEST-02333,14
TEST-02334,6
TEST-02335,4
TEST-02336,41
TEST-02337,53
TEST-02338,8
TEST-02339,12
TEST-02340,5
TEST-02341,3
TEST-02342,37
TEST-02343,51
TEST-02344,30
TEST-02345,24
TEST-02346,81
TEST-02347,41
TEST-02348,21
TEST-02349,30
TEST-02350,6
TEST-02351,21
TEST-02352,5
TEST-02353,16
TEST-02354,44
TEST-02355,37
TEST-02356,4
TEST-02357,60
TEST-02358,84
TEST-02359,5
TEST-02360,27
TEST-02361,23
TEST-02362,16
TEST-02363,44
TEST-02364,86
TEST-02365,41
TEST-02366,70
TEST-02367,32
TEST-02368,17
TEST-02369,48
TEST-02370,28
TEST-02371,44
TEST-02372,32
TEST-02373,5
TEST-02374,81
TEST-02375,21
TEST-02376,48
TEST-02377,22
TEST-02378,65
TEST-02379,50
TEST-02380,128
TEST-02381,42
TEST-02382,23
TEST-02383,20
TEST-02384,18
TEST-02385,39
TEST-02386,34
TEST-02387,49
TEST-02388,70
TEST-02389,9
TEST-02390,38
TEST-02391,51
TEST-02392,44
TEST-02393,8
TEST-02394,4
TEST-02395,33
TEST-02396,9
TEST-02397,31
TEST-02398,23
TEST-02399,35
TEST-02400,7
TEST-02401,58
TEST-02402,80
TEST-02403,43
TEST-02404,92
TEST-02405,50
TEST-02406,62
TEST-02407,5
TEST-02408,81
TEST-02409,69
TEST-02410,46
TEST-02411,24
TEST-02412,39
TEST-02413,23
TEST-02414,21
TEST-02415,28
TEST-02416,6
TEST-02417,32
TEST-02418,6
TEST-02419,49
TEST-02420,47
TEST-02421,25
TEST-02422,20
TEST-02423,6
TEST-02424,64
TEST-02425,47
TEST-02426,9
TEST-02427,48
TEST-02428,46
TEST-02429,86
TEST-02430,79
TEST-02431,4
TEST-02432,52
TEST-02433,62
TEST-02434,17
TEST-02435,21
TEST-02436,4
TEST-02437,3
TEST-02438,4
TEST-02439,25
TEST-02440,12
TEST-02441,65
TEST-02442,5
TEST-02443,15
TEST-02444,21
TEST-02445,6
TEST-02446,29
TEST-02447,23
TEST-02448,44
TEST-02449,47
TEST-02450,30
TEST-02451,20
TEST-02452,47
TEST-02453,12
TEST-02454,29
TEST-02455,90
TEST-02456,18
TEST-02457,39
TEST-02458,5
TEST-02459,46
TEST-02460,95
TEST-02461,51
TEST-02462,12
TEST-02463,6
TEST-02464,53
TEST-02465,4
TEST-02466,12
TEST-02467,43
TEST-02468,17
TEST-02469,5
TEST-02470,51
TEST-02471,3
TEST-02472,35
TEST-02473,21
TEST-02474,18
TEST-02475,17
TEST-02476,69
TEST-02477,38
TEST-02478,58
TEST-02479,45
TEST-02480,23
TEST-02481,51
TEST-02482,5
TEST-02483,7
TEST-02484,50
TEST-02485,45
TEST-02486,19
TEST-02487,43
TEST-02488,68
TEST-02489,108
TEST-02490,57
TEST-02491,42
TEST-02492,17
TEST-02493,10
TEST-02494,4
TEST-02495,46
TEST-02496,9
TEST-02497,72
TEST-02498,53
TEST-02499,38
TEST-02500,41
TEST-02501,33
TEST-02502,64
TEST-02503,33
TEST-02504,43
TEST-02505,33
TEST-02506,50
TEST-02507,33
TEST-02508,52
TEST-02509,19
TEST-02510,74
TEST-02511,35
TEST-02512,37
TEST-02513,122
TEST-02514,50
TEST-02515,106
TEST-02516,24
TEST-02517,15
TEST-02518,11
TEST-02519,43
TEST-02520,29
TEST-02521,11
TEST-02522,27
TEST-02523,42
TEST-02524,5
TEST-02525,25
TEST-02526,8
TEST-02527,5
TEST-02528,7
TEST-02529,20
TEST-02530,9
TEST-02531,29
TEST-02532,90
TEST-02533,4
TEST-02534,12
TEST-02535,43
TEST-02536,38
TEST-02537,45
TEST-02538,14
TEST-02539,36
TEST-02540,37
TEST-02541,19
TEST-02542,22
TEST-02543,5
TEST-02544,11
TEST-02545,35
TEST-02546,5
TEST-02547,4
TEST-02548,48
TEST-02549,65
TEST-02550,18
TEST-02551,11
TEST-02552,38
TEST-02553,7
TEST-02554,130
TEST-02555,23
TEST-02556,36
TEST-02557,6
TEST-02558,21
TEST-02559,16
TEST-02560,9
TEST-02561,49
TEST-02562,38
TEST-02563,49
TEST-02564,4
TEST-02565,37
TEST-02566,21
TEST-02567,19
TEST-02568,39
TEST-02569,16
TEST-02570,19
TEST-02571,5
TEST-02572,42
TEST-02573,6
TEST-02574,4
TEST-02575,19
TEST-02576,14
TEST-02577,25
TEST-02578,40
TEST-02579,6
TEST-02580,23
TEST-02581,57
TEST-02582,28
TEST-02583,6
TEST-02584,83
TEST-02585,41
TEST-02586,6
TEST-02587,9
TEST-02588,36
TEST-02589,23
TEST-02590,20
TEST-02591,18
TEST-02592,13
TEST-02593,14
TEST-02594,7
TEST-02595,20
TEST-02596,38
TEST-02597,64
TEST-02598,31
TEST-02599,6
TEST-02600,19
TEST-02601,27
TEST-02602,20
TEST-02603,41
TEST-02604,36
TEST-02605,8
TEST-02606,49
TEST-02607,10
TEST-02608,6
TEST-02609,5
TEST-02610,12
TEST-02611,26
TEST-02612,58
TEST-02613,5
TEST-02614,24
TEST-02615,65
TEST-02616,47
TEST-02617,49
TEST-02618,56
TEST-02619,43
TEST-02620,12
TEST-02621,30
TEST-02622,23
TEST-02623,36
TEST-02624,21
TEST-02625,55
TEST-02626,36
TEST-02627,21
TEST-02628,10
TEST-02629,50
TEST-02630,7
TEST-02631,57
TEST-02632,22
TEST-02633,6
TEST-02634,48
TEST-02635,15
TEST-02636,24
TEST-02637,3
TEST-02638,7
TEST-02639,75
TEST-02640,30
TEST-02641,28
TEST-02642,43
TEST-02643,32
TEST-02644,79
TEST-02645,22
TEST-02646,15
TEST-02647,38
TEST-02648,49
TEST-02649,4
TEST-02650,9
TEST-02651,5
TEST-02652,5
TEST-02653,17
TEST-02654,5
TEST-02655,44
TEST-02656,28
TEST-02657,3
TEST-02658,6
TEST-02659,87
TEST-02660,50
TEST-02661,6
TEST-02662,6
TEST-02663,45
TEST-02664,12
TEST-02665,17
TEST-02666,6
TEST-02667,43
TEST-02668,20
TEST-02669,3
TEST-02670,17
TEST-02671,13
TEST-02672,5
TEST-02673,26
TEST-02674,15
TEST-02675,29
TEST-02676,63
TEST-02677,5
TEST-02678,23
TEST-02679,15
TEST-02680,16
TEST-02681,12
TEST-02682,41
TEST-02683,62
TEST-02684,21
TEST-02685,70
TEST-02686,8
TEST-02687,25
TEST-02688,56
TEST-02689,26
TEST-02690,6
TEST-02691,12
TEST-02692,27
TEST-02693,43
TEST-02694,8
TEST-02695,20
TEST-02696,11
TEST-02697,58
TEST-02698,79
TEST-02699,5
TEST-02700,42
TEST-02701,14
TEST-02702,42
TEST-02703,32
TEST-02704,27
TEST-02705,43
TEST-02706,15
TEST-02707,12
TEST-02708,63
TEST-02709,44
TEST-02710,55
TEST-02711,47
TEST-02712,24
TEST-02713,44
TEST-02714,19
TEST-02715,45
TEST-02716,5
TEST-02717,8
TEST-02718,5
TEST-02719,59
TEST-02720,24
TEST-02721,45
TEST-02722,37
TEST-02723,42
TEST-02724,40
TEST-02725,6
TEST-02726,19
TEST-02727,17
TEST-02728,18
TEST-02729,36
TEST-02730,14
TEST-02731,5
TEST-02732,58
TEST-02733,6
TEST-02734,6
TEST-02735,6
TEST-02736,35
TEST-02737,5
TEST-02738,9
TEST-02739,58
TEST-02740,86
TEST-02741,56
TEST-02742,81
TEST-02743,66
TEST-02744,46
TEST-02745,8
TEST-02746,33
TEST-02747,8
TEST-02748,18
TEST-02749,48
TEST-02750,66
TEST-02751,4
TEST-02752,39
TEST-02753,5
TEST-02754,71
TEST-02755,20
TEST-02756,71
TEST-02757,25
TEST-02758,83
TEST-02759,12
TEST-02760,21
TEST-02761,15
TEST-02762,30
TEST-02763,56
TEST-02764,48
TEST-02765,61
TEST-02766,14
TEST-02767,20
TEST-02768,62
TEST-02769,25
TEST-02770,31
TEST-02771,86
TEST-02772,5
TEST-02773,79
TEST-02774,48
TEST-02775,70
TEST-02776,3
TEST-02777,68
TEST-02778,29
TEST-02779,37
TEST-02780,41
TEST-02781,15
TEST-02782,17
TEST-02783,9
TEST-02784,96
TEST-02785,104
TEST-02786,10
TEST-02787,6
TEST-02788,11
TEST-02789,22
TEST-02790,28
TEST-02791,11
TEST-02792,6
TEST-02793,5
TEST-02794,30
TEST-02795,19
TEST-02796,41
TEST-02797,40
TEST-02798,107
TEST-02799,50
TEST-02800,9
TEST-02801,48
TEST-02802,4
TEST-02803,51
TEST-02804,14
TEST-02805,89
TEST-02806,38
TEST-02807,67
TEST-02808,82
TEST-02809,89
TEST-02810,59
TEST-02811,42
TEST-02812,44
TEST-02813,24
TEST-02814,113
TEST-02815,21
TEST-02816,8
TEST-02817,48
TEST-02818,7
TEST-02819,21
TEST-02820,21
TEST-02821,6
TEST-02822,7
TEST-02823,5
TEST-02824,63
TEST-02825,32
TEST-02826,20
TEST-02827,37
TEST-02828,103
TEST-02829,25
TEST-02830,19
TEST-02831,32
TEST-02832,40
TEST-02833,11
TEST-02834,4
TEST-02835,24
TEST-02836,18
TEST-02837,32
TEST-02838,68
TEST-02839,12
TEST-02840,26
TEST-02841,88
TEST-02842,15
TEST-02843,47
TEST-02844,50
TEST-02845,9
TEST-02846,6
TEST-02847,47
TEST-02848,5
TEST-02849,10
TEST-02850,35
TEST-02851,50
TEST-02852,16
TEST-02853,9
TEST-02854,6
TEST-02855,10
TEST-02856,45
TEST-02857,31
TEST-02858,21
TEST-02859,12
TEST-02860,10
TEST-02861,23
TEST-02862,104
TEST-02863,20
TEST-02864,102
TEST-02865,31
TEST-02866,13
TEST-02867,11
TEST-02868,18
TEST-02869,120
TEST-02870,35
TEST-02871,42
TEST-02872,11
TEST-02873,37
TEST-02874,38
TEST-02875,13
TEST-02876,62
TEST-02877,36
TEST-02878,35
TEST-02879,25
TEST-02880,21
TEST-02881,86
TEST-02882,44
TEST-02883,31
TEST-02884,21
TEST-02885,11
TEST-02886,38
TEST-02887,40
TEST-02888,9
TEST-02889,42
TEST-02890,35
TEST-02891,37
TEST-02892,4
TEST-02893,44
TEST-02894,44
TEST-02895,9
TEST-02896,42
TEST-02897,20
TEST-02898,4
TEST-02899,40
TEST-02900,22
TEST-02901,27
TEST-02902,6
TEST-02903,49
TEST-02904,54
TEST-02905,45
TEST-02906,30
TEST-02907,5
TEST-02908,3
TEST-02909,4
TEST-02910,14
TEST-02911,10
TEST-02912,37
TEST-02913,62
TEST-02914,85
TEST-02915,101
TEST-02916,13
TEST-02917,32
TEST-02918,35
TEST-02919,5
TEST-02920,46
TEST-02921,5
TEST-02922,42
TEST-02923,7
TEST-02924,65
TEST-02925,48
TEST-02926,5
TEST-02927,6
TEST-02928,65
TEST-02929,12
TEST-02930,86
TEST-02931,28
TEST-02932,8
TEST-02933,35
TEST-02934,12
TEST-02935,5
TEST-02936,8
TEST-02937,5
TEST-02938,94
TEST-02939,53
TEST-02940,31
TEST-02941,38
TEST-02942,24
TEST-02943,8
TEST-02944,8
TEST-02945,15
TEST-02946,64
TEST-02947,30
TEST-02948,115
TEST-02949,54
TEST-02950,42
TEST-02951,25
TEST-02952,48
TEST-02953,30
TEST-02954,14
TEST-02955,36
TEST-02956,59
TEST-02957,5
TEST-02958,19
TEST-02959,46
TEST-02960,80
TEST-02961,3
TEST-02962,7
TEST-02963,44
TEST-02964,4
TEST-02965,21
TEST-02966,64
TEST-02967,4
TEST-02968,52
TEST-02969,9
TEST-02970,36
TEST-02971,45
TEST-02972,10
TEST-02973,36
TEST-02974,101
TEST-02975,40
TEST-02976,52
TEST-02977,60
TEST-02978,27
TEST-02979,27
TEST-02980,31
TEST-02981,15
TEST-02982,13
TEST-02983,20
TEST-02984,38
TEST-02985,62
TEST-02986,23
TEST-02987,49
TEST-02988,17
TEST-02989,42
TEST-02990,21
TEST-02991,52
TEST-02992,65
TEST-02993,86
TEST-02994,56
TEST-02995,15
TEST-02996,10
TEST-02997,51
TEST-02998,46
TEST-02999,18
TEST-03000,37
TEST-03001,87
TEST-03002,5
TEST-03003,4
TEST-03004,46
TEST-03005,62
TEST-03006,3
TEST-03007,10
TEST-03008,59
TEST-03009,23
TEST-03010,39
TEST-03011,45
TEST-03012,16
TEST-03013,6
TEST-03014,31
TEST-03015,12
TEST-03016,104
TEST-03017,20
TEST-03018,5
TEST-03019,39
TEST-03020,3
TEST-03021,44
TEST-03022,6
TEST-03023,39
TEST-03024,11
TEST-03025,44
TEST-03026,62
TEST-03027,94
TEST-03028,4
TEST-03029,42
TEST-03030,28
TEST-03031,61
TEST-03032,60
TEST-03033,91
TEST-03034,5
TEST-03035,35
TEST-03036,71
TEST-03037,19
TEST-03038,33
TEST-03039,52
TEST-03040,25
TEST-03041,49
TEST-03042,18
TEST-03043,19
TEST-03044,44
TEST-03045,33
TEST-03046,7
TEST-03047,13
TEST-03048,58
TEST-03049,6
TEST-03050,43
TEST-03051,104
TEST-03052,101
TEST-03053,11
TEST-03054,36
TEST-03055,6
TEST-03056,45
TEST-03057,8
TEST-03058,7
TEST-03059,51
TEST-03060,83
TEST-03061,7
TEST-03062,11
TEST-03063,123
TEST-03064,4
TEST-03065,48
TEST-03066,19
TEST-03067,44
TEST-03068,4
TEST-03069,11
TEST-03070,3
TEST-03071,4
TEST-03072,8
TEST-03073,35
TEST-03074,45
TEST-03075,84
TEST-03076,6
TEST-03077,26
TEST-03078,45
TEST-03079,17
TEST-03080,25
TEST-03081,55
TEST-03082,12
TEST-03083,8
TEST-03084,61
TEST-03085,39
TEST-03086,61
TEST-03087,44
TEST-03088,4
TEST-03089,39
TEST-03090,50
TEST-03091,30
TEST-03092,6
TEST-03093,8
TEST-03094,10
TEST-03095,5
TEST-03096,4
TEST-03097,48
TEST-03098,37
TEST-03099,58
TEST-03100,87
TEST-03101,28
TEST-03102,5
TEST-03103,16
TEST-03104,5
TEST-03105,40
TEST-03106,40
TEST-03107,5
TEST-03108,6
TEST-03109,4
TEST-03110,25
TEST-03111,38
TEST-03112,5
TEST-03113,5
TEST-03114,45
TEST-03115,22
TEST-03116,40
TEST-03117,41
TEST-03118,3
TEST-03119,40
TEST-03120,29
TEST-03121,48
TEST-03122,106
TEST-03123,8
TEST-03124,17
TEST-03125,41
TEST-03126,22
TEST-03127,8
TEST-03128,46
TEST-03129,89
TEST-03130,4
TEST-03131,50
TEST-03132,12
TEST-03133,48
TEST-03134,34
TEST-03135,81
TEST-03136,28
TEST-03137,71
TEST-03138,21
TEST-03139,105
TEST-03140,17
TEST-03141,6
TEST-03142,21
TEST-03143,11
TEST-03144,8
TEST-03145,30
TEST-03146,46
TEST-03147,95
TEST-03148,11
TEST-03149,34
TEST-03150,8
TEST-03151,5
TEST-03152,39
TEST-03153,91
TEST-03154,5
TEST-03155,20
TEST-03156,7
TEST-03157,34
TEST-03158,61
TEST-03159,133
TEST-03160,44
TEST-03161,12
TEST-03162,60
TEST-03163,4
TEST-03164,28
TEST-03165,67
TEST-03166,5
TEST-03167,6
TEST-03168,56
TEST-03169,53
TEST-03170,30
TEST-03171,23
TEST-03172,43
TEST-03173,23
TEST-03174,22
TEST-03175,35
TEST-03176,5
TEST-03177,5
TEST-03178,34
TEST-03179,22
TEST-03180,64
TEST-03181,55
TEST-03182,5
TEST-03183,54
TEST-03184,45
TEST-03185,4
TEST-03186,7
TEST-03187,26
TEST-03188,60
TEST-03189,32
TEST-03190,38
TEST-03191,32
TEST-03192,60
TEST-03193,34
TEST-03194,65
TEST-03195,48
TEST-03196,21
TEST-03197,45
TEST-03198,22
TEST-03199,49
TEST-03200,61
TEST-03201,38
TEST-03202,23
TEST-03203,37
TEST-03204,5
TEST-03205,12
TEST-03206,4
TEST-03207,109
TEST-03208,19
TEST-03209,94
TEST-03210,35
TEST-03211,11
TEST-03212,50
TEST-03213,34
TEST-03214,57
TEST-03215,21
TEST-03216,6
TEST-03217,31
TEST-03218,27
TEST-03219,23
TEST-03220,6
TEST-03221,6
TEST-03222,40
TEST-03223,35
TEST-03224,48
TEST-03225,80
TEST-03226,48
TEST-03227,6
TEST-03228,6
TEST-03229,28
TEST-03230,15
TEST-03231,72
TEST-03232,32
TEST-03233,19
TEST-03234,20
TEST-03235,37
TEST-03236,38
TEST-03237,28
TEST-03238,8
TEST-03239,41
TEST-03240,17
TEST-03241,30
TEST-03242,4
TEST-03243,12
TEST-03244,42
TEST-03245,10
TEST-03246,39
TEST-03247,16
TEST-03248,6
TEST-03249,8
TEST-03250,18
TEST-03251,13
TEST-03252,6
TEST-03253,60
TEST-03254,9
TEST-03255,48
TEST-03256,13
TEST-03257,58
TEST-03258,5
TEST-03259,23
TEST-03260,52
TEST-03261,28
TEST-03262,18
TEST-03263,57
TEST-03264,21
TEST-03265,17
TEST-03266,23
TEST-03267,35
TEST-03268,51
TEST-03269,19
TEST-03270,22
TEST-03271,79
TEST-03272,21
TEST-03273,36
TEST-03274,39
TEST-03275,47
TEST-03276,5
TEST-03277,36
TEST-03278,27
TEST-03279,32
TEST-03280,20
TEST-03281,56
TEST-03282,48
TEST-03283,111
TEST-03284,41
TEST-03285,50
TEST-03286,118
TEST-03287,33
TEST-03288,41
TEST-03289,30
TEST-03290,6
TEST-03291,50
TEST-03292,34
TEST-03293,56
TEST-03294,4
TEST-03295,21
TEST-03296,57
TEST-03297,48
TEST-03298,35
TEST-03299,4
TEST-03300,36
TEST-03301,31
TEST-03302,36
TEST-03303,24
TEST-03304,5
TEST-03305,21
TEST-03306,5
TEST-03307,49
TEST-03308,21
TEST-03309,36
TEST-03310,42
TEST-03311,81
TEST-03312,4
TEST-03313,10
TEST-03314,56
TEST-03315,26
TEST-03316,45
TEST-03317,5
TEST-03318,64
TEST-03319,23
TEST-03320,38
TEST-03321,20
TEST-03322,35
TEST-03323,52
TEST-03324,57
TEST-03325,31
TEST-03326,21
TEST-03327,34
TEST-03328,50
TEST-03329,45
TEST-03330,15
TEST-03331,50
TEST-03332,21
TEST-03333,17
TEST-03334,22
TEST-03335,18
TEST-03336,113
TEST-03337,10
TEST-03338,20
TEST-03339,67
TEST-03340,23
TEST-03341,13
TEST-03342,7
TEST-03343,34
TEST-03344,3
TEST-03345,42
TEST-03346,31
TEST-03347,35
TEST-03348,43
TEST-03349,50
TEST-03350,43
TEST-03351,42
TEST-03352,51
TEST-03353,32
TEST-03354,3
TEST-03355,105
TEST-03356,44
TEST-03357,56
TEST-03358,14
TEST-03359,52
TEST-03360,12
TEST-03361,64
TEST-03362,59
TEST-03363,36
TEST-03364,21
TEST-03365,8
TEST-03366,36
TEST-03367,56
TEST-03368,5
TEST-03369,6
TEST-03370,23
TEST-03371,32
TEST-03372,19
TEST-03373,20
TEST-03374,6
TEST-03375,94
TEST-03376,107
TEST-03377,6
TEST-03378,21
TEST-03379,30
TEST-03380,14
TEST-03381,87
TEST-03382,5
TEST-03383,51
TEST-03384,5
TEST-03385,39
TEST-03386,47
TEST-03387,47
TEST-03388,51
TEST-03389,66
TEST-03390,17
TEST-03391,6
TEST-03392,7
TEST-03393,20
TEST-03394,44
TEST-03395,6
TEST-03396,46
TEST-03397,58
TEST-03398,11
TEST-03399,85
TEST-03400,7
TEST-03401,46
TEST-03402,9
TEST-03403,7
TEST-03404,5
TEST-03405,3
TEST-03406,60
TEST-03407,65
TEST-03408,5
TEST-03409,77
TEST-03410,141
TEST-03411,8
TEST-03412,6
TEST-03413,5
TEST-03414,33
TEST-03415,6
TEST-03416,11
TEST-03417,22
TEST-03418,99
TEST-03419,18
TEST-03420,55
TEST-03421,42
TEST-03422,6
TEST-03423,46
TEST-03424,27
TEST-03425,34
TEST-03426,111
TEST-03427,5
TEST-03428,28
TEST-03429,60
TEST-03430,4
TEST-03431,18
TEST-03432,30
TEST-03433,80
TEST-03434,22
TEST-03435,54
TEST-03436,21
TEST-03437,11
TEST-03438,64
TEST-03439,20
TEST-03440,36
TEST-03441,40
TEST-03442,89
TEST-03443,10
TEST-03444,75
TEST-03445,6
TEST-03446,45
TEST-03447,30
TEST-03448,11
TEST-03449,44
TEST-03450,44
TEST-03451,20
TEST-03452,34
TEST-03453,6
TEST-03454,33
TEST-03455,24
TEST-03456,21
TEST-03457,19
TEST-03458,37
TEST-03459,8
TEST-03460,35
TEST-03461,73
TEST-03462,46
TEST-03463,55
TEST-03464,49
TEST-03465,25
TEST-03466,6
TEST-03467,36
TEST-03468,5
TEST-03469,50
TEST-03470,43
TEST-03471,6
TEST-03472,79
TEST-03473,46
TEST-03474,25
TEST-03475,40
TEST-03476,49
TEST-03477,49
TEST-03478,5
TEST-03479,124
TEST-03480,67
TEST-03481,62
TEST-03482,66
TEST-03483,9
TEST-03484,22
TEST-03485,99
TEST-03486,42
TEST-03487,5
TEST-03488,82
TEST-03489,45
TEST-03490,21
TEST-03491,58
TEST-03492,10
TEST-03493,40
TEST-03494,35
TEST-03495,36
TEST-03496,51
TEST-03497,24
TEST-03498,53
TEST-03499,53
TEST-03500,5
TEST-03501,16
TEST-03502,29
TEST-03503,20
TEST-03504,37
TEST-03505,35
TEST-03506,4
TEST-03507,20
TEST-03508,47
TEST-03509,85
TEST-03510,63
TEST-03511,28
TEST-03512,11
TEST-03513,36
TEST-03514,9
TEST-03515,8
TEST-03516,11
TEST-03517,97
TEST-03518,28
TEST-03519,5
TEST-03520,34
TEST-03521,49
TEST-03522,32
TEST-03523,7
TEST-03524,28
TEST-03525,41
TEST-03526,23
TEST-03527,19
TEST-03528,6
TEST-03529,61
TEST-03530,55
TEST-03531,20
TEST-03532,29
TEST-03533,97
TEST-03534,108
TEST-03535,51
TEST-03536,106
TEST-03537,20
TEST-03538,11
TEST-03539,42
TEST-03540,54
TEST-03541,37
TEST-03542,67
TEST-03543,24
TEST-03544,5
TEST-03545,18
TEST-03546,38
TEST-03547,36
TEST-03548,30
TEST-03549,56
TEST-03550,36
TEST-03551,74
TEST-03552,40
TEST-03553,8
TEST-03554,34
TEST-03555,19
TEST-03556,37
TEST-03557,52
TEST-03558,22
TEST-03559,46
TEST-03560,5
TEST-03561,24
TEST-03562,17
TEST-03563,99
TEST-03564,22
TEST-03565,4
TEST-03566,24
TEST-03567,18
TEST-03568,31
TEST-03569,4
TEST-03570,6
TEST-03571,55
TEST-03572,15
TEST-03573,4
TEST-03574,59
TEST-03575,76
TEST-03576,6
TEST-03577,47
TEST-03578,46
TEST-03579,12
TEST-03580,29
TEST-03581,26
TEST-03582,53
TEST-03583,21
TEST-03584,50
TEST-03585,9
TEST-03586,22
TEST-03587,58
TEST-03588,4
TEST-03589,10
TEST-03590,40
TEST-03591,54
TEST-03592,21
TEST-03593,29
TEST-03594,20
TEST-03595,15
TEST-03596,17
TEST-03597,3
TEST-03598,5
TEST-03599,22
TEST-03600,45
TEST-03601,3
TEST-03602,9
TEST-03603,4
TEST-03604,25
TEST-03605,53
TEST-03606,9
TEST-03607,38
TEST-03608,4
TEST-03609,43
TEST-03610,86
TEST-03611,20
TEST-03612,39
TEST-03613,34
TEST-03614,41
TEST-03615,25
TEST-03616,21
TEST-03617,25
TEST-03618,6
TEST-03619,30
TEST-03620,93
TEST-03621,22
TEST-03622,7
TEST-03623,23
TEST-03624,6
TEST-03625,63
TEST-03626,30
TEST-03627,4
TEST-03628,5
TEST-03629,43
TEST-03630,43
TEST-03631,61
TEST-03632,8
TEST-03633,42
TEST-03634,23
TEST-03635,5
TEST-03636,5
TEST-03637,9
TEST-03638,24
TEST-03639,9
TEST-03640,18
TEST-03641,38
TEST-03642,5
TEST-03643,44
TEST-03644,11
TEST-03645,9
TEST-03646,14
TEST-03647,10
TEST-03648,52
TEST-03649,25
TEST-03650,36
TEST-03651,87
TEST-03652,24
TEST-03653,6
TEST-03654,59
TEST-03655,39
TEST-03656,10
TEST-03657,18
TEST-03658,16
TEST-03659,33
TEST-03660,58
TEST-03661,21
TEST-03662,33
TEST-03663,71
TEST-03664,32
TEST-03665,42
TEST-03666,18
TEST-03667,50
TEST-03668,9
TEST-03669,3
TEST-03670,62
TEST-03671,40
TEST-03672,47
TEST-03673,32
TEST-03674,7
TEST-03675,48
TEST-03676,5
TEST-03677,42
TEST-03678,31
TEST-03679,52
TEST-03680,7
TEST-03681,49
TEST-03682,41
TEST-03683,40
TEST-03684,32
TEST-03685,24
TEST-03686,50
TEST-03687,79
TEST-03688,37
TEST-03689,41
TEST-03690,29
TEST-03691,94
TEST-03692,19
TEST-03693,98
TEST-03694,5
TEST-03695,36
TEST-03696,15
TEST-03697,52
TEST-03698,32
TEST-03699,8
TEST-03700,84
TEST-03701,36
TEST-03702,5
TEST-03703,24
TEST-03704,6
TEST-03705,13
TEST-03706,35
TEST-03707,16
TEST-03708,52
TEST-03709,49
TEST-03710,9
TEST-03711,37
TEST-03712,6
TEST-03713,34
TEST-03714,66
TEST-03715,45
TEST-03716,52
TEST-03717,43
TEST-03718,52
TEST-03719,47
TEST-03720,23
TEST-03721,20
TEST-03722,18
TEST-03723,49
TEST-03724,21
TEST-03725,16
TEST-03726,51
TEST-03727,5
TEST-03728,18
TEST-03729,37
TEST-03730,6
TEST-03731,13
TEST-03732,52
TEST-03733,96
TEST-03734,8
TEST-03735,55
TEST-03736,17
TEST-03737,5
TEST-03738,76
TEST-03739,37
TEST-03740,67
TEST-03741,47
TEST-03742,46
TEST-03743,54
TEST-03744,52
TEST-03745,48
TEST-03746,37
TEST-03747,30
TEST-03748,20
TEST-03749,16
TEST-03750,3
TEST-03751,12
TEST-03752,39
TEST-03753,9
TEST-03754,17
TEST-03755,17
TEST-03756,55
TEST-03757,12
TEST-03758,8
TEST-03759,86
TEST-03760,23
TEST-03761,12
TEST-03762,40
TEST-03763,55
TEST-03764,23
TEST-03765,46
TEST-03766,10
TEST-03767,52
TEST-03768,66
TEST-03769,21
TEST-03770,44
TEST-03771,35
TEST-03772,43
TEST-03773,30
TEST-03774,20
TEST-03775,27
TEST-03776,15
TEST-03777,41
TEST-03778,5
TEST-03779,35
TEST-03780,41
TEST-03781,27
TEST-03782,42
TEST-03783,89
TEST-03784,4
TEST-03785,16
TEST-03786,6
TEST-03787,5
TEST-03788,49
TEST-03789,30
TEST-03790,37
TEST-03791,5
TEST-03792,56
TEST-03793,17
TEST-03794,10
TEST-03795,6
TEST-03796,33
TEST-03797,18
TEST-03798,39
TEST-03799,70
TEST-03800,21
TEST-03801,37
TEST-03802,49
TEST-03803,37
TEST-03804,49
TEST-03805,47
TEST-03806,3
TEST-03807,50
TEST-03808,4
TEST-03809,34
TEST-03810,39
TEST-03811,65
TEST-03812,3
TEST-03813,50
TEST-03814,4
TEST-03815,40
TEST-03816,95
TEST-03817,16
TEST-03818,8
TEST-03819,8
TEST-03820,24
TEST-03821,5
TEST-03822,45
TEST-03823,18
TEST-03824,35
TEST-03825,58
TEST-03826,9
TEST-03827,47
TEST-03828,38
TEST-03829,42
TEST-03830,12
TEST-03831,23
TEST-03832,49
TEST-03833,63
TEST-03834,4
TEST-03835,7
TEST-03836,51
TEST-03837,25
TEST-03838,46
TEST-03839,63
TEST-03840,24
TEST-03841,6
TEST-03842,4
TEST-03843,17
TEST-03844,58
TEST-03845,27
TEST-03846,11
TEST-03847,53
TEST-03848,39
TEST-03849,35
TEST-03850,6
TEST-03851,14
TEST-03852,17
TEST-03853,6
TEST-03854,9
TEST-03855,5
TEST-03856,53
TEST-03857,57
TEST-03858,37
TEST-03859,33
TEST-03860,32
TEST-03861,12
TEST-03862,3
TEST-03863,43
TEST-03864,28
TEST-03865,37
TEST-03866,36
TEST-03867,5
TEST-03868,13
TEST-03869,24
TEST-03870,26
TEST-03871,52
TEST-03872,13
TEST-03873,22
TEST-03874,9
TEST-03875,32
TEST-03876,61
TEST-03877,5
TEST-03878,33
TEST-03879,19
TEST-03880,50
TEST-03881,36
TEST-03882,11
TEST-03883,12
TEST-03884,96
TEST-03885,73
TEST-03886,10
TEST-03887,22
TEST-03888,20
TEST-03889,30
TEST-03890,12
TEST-03891,42
TEST-03892,10
TEST-03893,4
TEST-03894,41
TEST-03895,54
TEST-03896,42
TEST-03897,58
TEST-03898,69
TEST-03899,36
TEST-03900,37
TEST-03901,44
TEST-03902,45
TEST-03903,83
TEST-03904,54
TEST-03905,101
TEST-03906,20
TEST-03907,7
TEST-03908,30
TEST-03909,9
TEST-03910,11
TEST-03911,5
TEST-03912,10
TEST-03913,4
TEST-03914,50
TEST-03915,85
TEST-03916,5
TEST-03917,53
TEST-03918,52
TEST-03919,18
TEST-03920,11
TEST-03921,32
TEST-03922,16
TEST-03923,3
TEST-03924,16
TEST-03925,55
TEST-03926,61
TEST-03927,33
TEST-03928,21
TEST-03929,69
TEST-03930,37
TEST-03931,29
TEST-03932,74
TEST-03933,13
TEST-03934,75
TEST-03935,5
TEST-03936,53
TEST-03937,10
TEST-03938,4
TEST-03939,37
TEST-03940,30
TEST-03941,34
TEST-03942,37
TEST-03943,15
TEST-03944,31
TEST-03945,7
TEST-03946,47
TEST-03947,21
TEST-03948,4
TEST-03949,20
TEST-03950,81
TEST-03951,7
TEST-03952,3
TEST-03953,4
TEST-03954,4
TEST-03955,8
TEST-03956,33
TEST-03957,22
TEST-03958,46
TEST-03959,5
TEST-03960,67
TEST-03961,3
TEST-03962,6
TEST-03963,4
TEST-03964,6
TEST-03965,4
TEST-03966,52
TEST-03967,20
TEST-03968,8
TEST-03969,70
TEST-03970,31
TEST-03971,71
TEST-03972,47
TEST-03973,31
TEST-03974,65
TEST-03975,36
TEST-03976,32
TEST-03977,30
TEST-03978,6
TEST-03979,48
TEST-03980,101
TEST-03981,67
TEST-03982,8
TEST-03983,22
TEST-03984,74
TEST-03985,5
TEST-03986,52
TEST-03987,35
TEST-03988,27
TEST-03989,47
TEST-03990,44
TEST-03991,48
TEST-03992,85
TEST-03993,11
TEST-03994,49
TEST-03995,56
TEST-03996,29
TEST-03997,26
TEST-03998,53
TEST-03999,103
TEST-04000,17
TEST-04001,38
TEST-04002,66
TEST-04003,42
TEST-04004,4
TEST-04005,11
TEST-04006,95
TEST-04007,22
TEST-04008,25
TEST-04009,9
TEST-04010,21
TEST-04011,33
TEST-04012,24
TEST-04013,39
TEST-04014,25
TEST-04015,116
TEST-04016,50
TEST-04017,41
TEST-04018,68
TEST-04019,7
TEST-04020,30
TEST-04021,33
TEST-04022,43
TEST-04023,31
TEST-04024,20
TEST-04025,17
TEST-04026,61
TEST-04027,49
TEST-04028,14
TEST-04029,9
TEST-04030,8
TEST-04031,64
TEST-04032,37
