model,fold,cutoff,rmse,mae,train_s
Baseline: mean predictor,1,2025-09-06,27.266291277408186,20.049355091601623,0.00039990000368561596
"Baseline: seasonal naive (zone × weekday × hour, last 8 weeks)",1,2025-09-06,11.996328169694474,7.297410341596388,0.03200269999797456
Ridge regression,1,2025-09-06,11.799609311836821,7.717583099459932,1.0376178999867989
Random forest,1,2025-09-06,11.030876377657053,6.909391981418086,8.824360400001751
LightGBM (default params),1,2025-09-06,9.490560450591387,6.09071678548665,7.212013800002751
Baseline: mean predictor,2,2025-09-20,28.905701613833102,21.29240641344556,0.0004437000025063753
"Baseline: seasonal naive (zone × weekday × hour, last 8 weeks)",2,2025-09-20,12.483744176332072,7.491391020176186,0.026929500003461726
Ridge regression,2,2025-09-20,12.867649822788067,7.977953762009673,1.1500013999902876
Random forest,2,2025-09-20,12.5727689983002,7.588924321734548,10.120976100006374
LightGBM (default params),2,2025-09-20,10.886149362081895,6.615541704094653,7.138177700006054
Baseline: mean predictor,3,2025-10-04,26.052197767046746,19.814136644012397,0.0005311999993864447
"Baseline: seasonal naive (zone × weekday × hour, last 8 weeks)",3,2025-10-04,9.890176819879338,6.444440387961983,0.019042300002183765
Ridge regression,3,2025-10-04,9.964993241876728,6.830019042336946,1.0789881000091555
Random forest,3,2025-10-04,10.199550873318536,6.715043167881596,9.181536799995229
LightGBM (default params),3,2025-10-04,8.700037668217172,5.791131648292901,5.952949800004717
Baseline: mean predictor,4,2025-10-18,27.504183331017,20.676589741274825,0.0005027000006521121
"Baseline: seasonal naive (zone × weekday × hour, last 8 weeks)",4,2025-10-18,9.557549583514692,6.405111530214068,0.02064539999992121
Ridge regression,4,2025-10-18,10.341010164063428,7.006309858750804,1.0889983999950346
Random forest,4,2025-10-18,9.756834414197314,6.468364741959973,9.51278750000347
LightGBM (default params),4,2025-10-18,9.005587966789665,5.981291237316463,6.349830199993448
LightGBM (tuned),1,2025-09-06,9.467348187244655,6.058015631028673,4.3269017999991775
LightGBM (tuned),2,2025-09-20,10.57814351296689,6.514328150694623,3.2549795000086306
LightGBM (tuned),3,2025-10-04,8.620486219512228,5.728739057187869,3.0524566999956733
LightGBM (tuned),4,2025-10-18,8.909644999284776,5.962299174739019,3.311910100004752
LightGBM (tuned) + recency weights,1,2025-09-06,9.758791598905463,6.1606541800556816,3.877850999997463
LightGBM (tuned) + recency weights,2,2025-09-20,10.79208296639187,6.588069043191612,3.0649119000008795
LightGBM (tuned) + recency weights,3,2025-10-04,8.707181048298484,5.811818951438873,3.1052933000028133
LightGBM (tuned) + recency weights,4,2025-10-18,8.896011026450225,5.965630591460163,3.4109274999937043
