zone,dow,hour,typical_trips
Arat Kilo,0,0,5.0
Arat Kilo,0,1,3.0
Arat Kilo,0,2,3.29
Arat Kilo,0,3,2.62
Arat Kilo,0,4,2.75
Arat Kilo,0,5,6.12
Arat Kilo,0,6,16.25
Arat Kilo,0,7,47.75
Arat Kilo,0,8,54.12
Arat Kilo,0,9,37.0
Arat Kilo,0,10,22.0
Arat Kilo,0,11,14.25
Arat Kilo,0,12,30.5
Arat Kilo,0,13,38.14
Arat Kilo,0,14,33.25
Arat Kilo,0,15,31.25
Arat Kilo,0,16,45.12
Arat Kilo,0,17,61.86
Arat Kilo,0,18,75.62
Arat Kilo,0,19,59.57
Arat Kilo,0,20,41.0
Arat Kilo,0,21,24.75
Arat Kilo,0,22,11.88
Arat Kilo,0,23,5.0
Arat Kilo,1,0,3.62
Arat Kilo,1,1,2.43
Arat Kilo,1,2,4.62
Arat Kilo,1,3,3.62
Arat Kilo,1,4,3.25
Arat Kilo,1,5,6.5
Arat Kilo,1,6,15.88
Arat Kilo,1,7,42.75
Arat Kilo,1,8,56.14
Arat Kilo,1,9,40.0
Arat Kilo,1,10,20.33
Arat Kilo,1,11,17.0
Arat Kilo,1,12,26.5
Arat Kilo,1,13,36.75
Arat Kilo,1,14,40.75
Arat Kilo,1,15,29.12
Arat Kilo,1,16,47.43
Arat Kilo,1,17,60.75
Arat Kilo,1,18,77.0
Arat Kilo,1,19,59.14
Arat Kilo,1,20,37.75
Arat Kilo,1,21,22.75
Arat Kilo,1,22,10.38
Arat Kilo,1,23,6.12
Arat Kilo,2,0,5.5
Arat Kilo,2,1,3.12
Arat Kilo,2,2,3.75
Arat Kilo,2,3,3.12
Arat Kilo,2,4,3.38
Arat Kilo,2,5,6.0
Arat Kilo,2,6,16.38
Arat Kilo,2,7,38.88
Arat Kilo,2,8,55.29
Arat Kilo,2,9,42.5
Arat Kilo,2,10,18.38
Arat Kilo,2,11,15.57
Arat Kilo,2,12,26.57
Arat Kilo,2,13,40.25
Arat Kilo,2,14,31.75
Arat Kilo,2,15,32.25
Arat Kilo,2,16,42.62
Arat Kilo,2,17,71.57
Arat Kilo,2,18,71.5
Arat Kilo,2,19,54.12
Arat Kilo,2,20,42.75
Arat Kilo,2,21,24.25
Arat Kilo,2,22,11.88
Arat Kilo,2,23,6.75
Arat Kilo,3,0,4.12
Arat Kilo,3,1,3.12
Arat Kilo,3,2,3.5
Arat Kilo,3,3,3.62
Arat Kilo,3,4,4.0
Arat Kilo,3,5,6.0
Arat Kilo,3,6,13.0
Arat Kilo,3,7,34.75
Arat Kilo,3,8,44.25
Arat Kilo,3,9,32.38
Arat Kilo,3,10,20.12
Arat Kilo,3,11,14.0
Arat Kilo,3,12,28.38
Arat Kilo,3,13,32.5
Arat Kilo,3,14,29.0
Arat Kilo,3,15,26.88
Arat Kilo,3,16,40.75
Arat Kilo,3,17,59.5
Arat Kilo,3,18,63.75
Arat Kilo,3,19,48.75
Arat Kilo,3,20,31.17
Arat Kilo,3,21,21.88
Arat Kilo,3,22,10.62
Arat Kilo,3,23,5.62
Arat Kilo,4,0,3.0
Arat Kilo,4,1,2.29
Arat Kilo,4,2,1.75
Arat Kilo,4,3,3.0
Arat Kilo,4,4,3.0
Arat Kilo,4,5,5.62
Arat Kilo,4,6,16.12
Arat Kilo,4,7,42.12
Arat Kilo,4,8,59.75
Arat Kilo,4,9,42.0
Arat Kilo,4,10,21.75
Arat Kilo,4,11,19.88
Arat Kilo,4,12,32.0
Arat Kilo,4,13,42.25
Arat Kilo,4,14,41.0
Arat Kilo,4,15,31.38
Arat Kilo,4,16,44.38
Arat Kilo,4,17,70.5
Arat Kilo,4,18,86.38
Arat Kilo,4,19,60.75
Arat Kilo,4,20,47.88
Arat Kilo,4,21,26.38
Arat Kilo,4,22,16.43
Arat Kilo,4,23,6.33
Arat Kilo,5,0,4.62
Arat Kilo,5,1,3.5
Arat Kilo,5,2,3.88
Arat Kilo,5,3,3.86
Arat Kilo,5,4,3.0
Arat Kilo,5,5,4.62
Arat Kilo,5,6,4.0
Arat Kilo,5,7,5.88
Arat Kilo,5,8,11.88
Arat Kilo,5,9,11.12
Arat Kilo,5,10,14.38
Arat Kilo,5,11,22.5
Arat Kilo,5,12,17.43
Arat Kilo,5,13,17.88
Arat Kilo,5,14,17.0
Arat Kilo,5,15,20.0
Arat Kilo,5,16,17.88
Arat Kilo,5,17,20.38
Arat Kilo,5,18,29.88
Arat Kilo,5,19,30.0
Arat Kilo,5,20,24.88
Arat Kilo,5,21,17.5
Arat Kilo,5,22,12.25
Arat Kilo,5,23,7.75
Arat Kilo,6,0,4.5
Arat Kilo,6,1,6.25
Arat Kilo,6,2,3.86
Arat Kilo,6,3,2.12
Arat Kilo,6,4,4.38
Arat Kilo,6,5,4.62
Arat Kilo,6,6,4.0
Arat Kilo,6,7,7.62
Arat Kilo,6,8,10.38
Arat Kilo,6,9,13.5
Arat Kilo,6,10,14.75
Arat Kilo,6,11,17.88
Arat Kilo,6,12,21.88
Arat Kilo,6,13,19.5
Arat Kilo,6,14,18.0
Arat Kilo,6,15,17.0
Arat Kilo,6,16,19.12
Arat Kilo,6,17,26.12
Arat Kilo,6,18,24.12
Arat Kilo,6,19,22.62
Arat Kilo,6,20,22.38
Arat Kilo,6,21,17.57
Arat Kilo,6,22,12.12
Arat Kilo,6,23,6.57
Ayat,0,0,5.25
Ayat,0,1,2.75
Ayat,0,2,3.62
Ayat,0,3,4.0
Ayat,0,4,5.0
Ayat,0,5,16.75
Ayat,0,6,29.38
Ayat,0,7,47.38
Ayat,0,8,35.71
Ayat,0,9,23.75
Ayat,0,10,15.62
Ayat,0,11,18.0
Ayat,0,12,16.88
Ayat,0,13,18.5
Ayat,0,14,15.62
Ayat,0,15,18.5
Ayat,0,16,18.88
Ayat,0,17,31.0
Ayat,0,18,39.25
Ayat,0,19,39.12
Ayat,0,20,37.38
Ayat,0,21,22.75
Ayat,0,22,15.14
Ayat,0,23,11.0
Ayat,1,0,4.75
Ayat,1,1,2.88
Ayat,1,2,3.38
Ayat,1,3,3.88
Ayat,1,4,5.12
Ayat,1,5,14.12
Ayat,1,6,28.5
Ayat,1,7,48.12
Ayat,1,8,38.57
Ayat,1,9,24.25
Ayat,1,10,17.5
Ayat,1,11,16.25
Ayat,1,12,16.88
Ayat,1,13,18.25
Ayat,1,14,18.12
Ayat,1,15,16.25
Ayat,1,16,19.12
Ayat,1,17,23.12
Ayat,1,18,40.5
Ayat,1,19,40.75
Ayat,1,20,32.5
Ayat,1,21,27.25
Ayat,1,22,17.0
Ayat,1,23,8.62
Ayat,2,0,4.88
Ayat,2,1,3.25
Ayat,2,2,2.75
Ayat,2,3,4.71
Ayat,2,4,5.38
Ayat,2,5,14.62
Ayat,2,6,37.0
Ayat,2,7,46.25
Ayat,2,8,39.25
Ayat,2,9,22.62
Ayat,2,10,14.5
Ayat,2,11,17.62
Ayat,2,12,15.0
Ayat,2,13,18.5
Ayat,2,14,16.0
Ayat,2,15,16.38
Ayat,2,16,21.25
Ayat,2,17,28.38
Ayat,2,18,37.0
Ayat,2,19,38.25
Ayat,2,20,38.25
Ayat,2,21,26.33
Ayat,2,22,18.62
Ayat,2,23,7.88
Ayat,3,0,4.29
Ayat,3,1,4.62
Ayat,3,2,2.88
Ayat,3,3,3.25
Ayat,3,4,6.62
Ayat,3,5,14.5
Ayat,3,6,32.14
Ayat,3,7,44.75
Ayat,3,8,31.12
Ayat,3,9,21.62
Ayat,3,10,17.38
Ayat,3,11,19.88
Ayat,3,12,21.71
Ayat,3,13,16.38
Ayat,3,14,20.0
Ayat,3,15,14.12
Ayat,3,16,21.0
Ayat,3,17,29.43
Ayat,3,18,38.75
Ayat,3,19,37.12
Ayat,3,20,34.5
Ayat,3,21,25.75
Ayat,3,22,17.43
Ayat,3,23,9.0
Ayat,4,0,5.14
Ayat,4,1,4.62
Ayat,4,2,3.12
Ayat,4,3,3.12
Ayat,4,4,7.25
Ayat,4,5,17.71
Ayat,4,6,33.12
Ayat,4,7,45.88
Ayat,4,8,36.43
Ayat,4,9,23.33
Ayat,4,10,17.5
Ayat,4,11,19.38
Ayat,4,12,18.12
Ayat,4,13,18.5
Ayat,4,14,17.0
Ayat,4,15,15.12
Ayat,4,16,17.25
Ayat,4,17,32.25
Ayat,4,18,43.62
Ayat,4,19,44.75
Ayat,4,20,31.71
Ayat,4,21,29.62
Ayat,4,22,17.88
Ayat,4,23,9.22
Ayat,5,0,6.43
Ayat,5,1,4.0
Ayat,5,2,3.38
Ayat,5,3,4.0
Ayat,5,4,4.25
Ayat,5,5,5.75
Ayat,5,6,7.25
Ayat,5,7,13.38
Ayat,5,8,18.12
Ayat,5,9,22.88
Ayat,5,10,30.38
Ayat,5,11,33.25
Ayat,5,12,34.75
Ayat,5,13,37.5
Ayat,5,14,34.88
Ayat,5,15,34.12
Ayat,5,16,33.38
Ayat,5,17,37.25
Ayat,5,18,38.0
Ayat,5,19,38.75
Ayat,5,20,34.75
Ayat,5,21,24.25
Ayat,5,22,19.0
Ayat,5,23,12.0
Ayat,6,0,6.38
Ayat,6,1,4.5
Ayat,6,2,5.0
Ayat,6,3,3.62
Ayat,6,4,5.0
Ayat,6,5,5.57
Ayat,6,6,8.0
Ayat,6,7,14.86
Ayat,6,8,15.75
Ayat,6,9,27.86
Ayat,6,10,30.62
Ayat,6,11,34.0
Ayat,6,12,37.12
Ayat,6,13,36.12
Ayat,6,14,34.25
Ayat,6,15,29.0
Ayat,6,16,36.38
Ayat,6,17,36.0
Ayat,6,18,41.25
Ayat,6,19,36.86
Ayat,6,20,32.5
Ayat,6,21,24.5
Ayat,6,22,14.0
Ayat,6,23,9.12
Bole,0,0,14.88
Bole,0,1,13.5
Bole,0,2,11.25
Bole,0,3,17.62
Bole,0,4,30.0
Bole,0,5,58.88
Bole,0,6,63.88
Bole,0,7,59.25
Bole,0,8,53.5
Bole,0,9,42.38
Bole,0,10,37.12
Bole,0,11,34.75
Bole,0,12,38.57
Bole,0,13,47.5
Bole,0,14,43.25
Bole,0,15,37.88
Bole,0,16,38.25
Bole,0,17,45.5
Bole,0,18,54.5
Bole,0,19,57.38
Bole,0,20,57.12
Bole,0,21,41.5
Bole,0,22,30.38
Bole,0,23,24.38
Bole,1,0,16.88
Bole,1,1,12.0
Bole,1,2,10.0
Bole,1,3,17.5
Bole,1,4,31.12
Bole,1,5,61.25
Bole,1,6,78.0
Bole,1,7,56.12
Bole,1,8,49.5
Bole,1,9,41.5
Bole,1,10,36.38
Bole,1,11,37.86
Bole,1,12,47.75
Bole,1,13,44.75
Bole,1,14,52.75
Bole,1,15,36.88
Bole,1,16,33.29
Bole,1,17,38.12
Bole,1,18,59.0
Bole,1,19,65.25
Bole,1,20,53.57
Bole,1,21,49.71
Bole,1,22,28.75
Bole,1,23,18.14
Bole,2,0,11.25
Bole,2,1,12.12
Bole,2,2,10.5
Bole,2,3,14.12
Bole,2,4,31.75
Bole,2,5,56.71
Bole,2,6,64.12
Bole,2,7,52.62
Bole,2,8,47.0
Bole,2,9,38.62
Bole,2,10,34.67
Bole,2,11,32.12
Bole,2,12,34.38
Bole,2,13,46.25
Bole,2,14,39.25
Bole,2,15,34.29
Bole,2,16,36.5
Bole,2,17,38.29
Bole,2,18,45.5
Bole,2,19,57.43
Bole,2,20,57.12
Bole,2,21,41.0
Bole,2,22,31.43
Bole,2,23,15.29
Bole,3,0,21.86
Bole,3,1,18.38
Bole,3,2,8.4
Bole,3,3,16.75
Bole,3,4,29.14
Bole,3,5,55.25
Bole,3,6,63.12
Bole,3,7,54.62
Bole,3,8,41.25
Bole,3,9,43.88
Bole,3,10,38.88
Bole,3,11,32.88
Bole,3,12,39.88
Bole,3,13,48.5
Bole,3,14,43.25
Bole,3,15,37.25
Bole,3,16,33.12
Bole,3,17,53.29
Bole,3,18,58.12
Bole,3,19,56.12
Bole,3,20,66.29
Bole,3,21,49.5
Bole,3,22,39.57
Bole,3,23,30.33
Bole,4,0,12.62
Bole,4,1,12.14
Bole,4,2,9.25
Bole,4,3,17.38
Bole,4,4,28.62
Bole,4,5,66.25
Bole,4,6,72.0
Bole,4,7,61.12
Bole,4,8,49.86
Bole,4,9,53.12
Bole,4,10,37.14
Bole,4,11,34.71
Bole,4,12,37.0
Bole,4,13,50.0
Bole,4,14,47.0
Bole,4,15,38.71
Bole,4,16,37.25
Bole,4,17,43.29
Bole,4,18,58.29
Bole,4,19,63.14
Bole,4,20,75.88
Bole,4,21,81.62
Bole,4,22,87.62
Bole,4,23,77.78
Bole,5,0,95.75
Bole,5,1,60.38
Bole,5,2,38.38
Bole,5,3,27.25
Bole,5,4,31.0
Bole,5,5,49.62
Bole,5,6,55.43
Bole,5,7,35.43
Bole,5,8,23.12
Bole,5,9,19.25
Bole,5,10,27.62
Bole,5,11,35.62
Bole,5,12,40.5
Bole,5,13,43.71
Bole,5,14,45.5
Bole,5,15,55.38
Bole,5,16,50.43
Bole,5,17,52.38
Bole,5,18,61.17
Bole,5,19,71.75
Bole,5,20,84.88
Bole,5,21,99.88
Bole,5,22,104.5
Bole,5,23,113.86
Bole,6,0,120.38
Bole,6,1,72.88
Bole,6,2,39.88
Bole,6,3,23.0
Bole,6,4,28.14
Bole,6,5,52.25
Bole,6,6,47.38
Bole,6,7,33.25
Bole,6,8,21.62
Bole,6,9,24.75
Bole,6,10,25.88
Bole,6,11,33.25
Bole,6,12,41.14
Bole,6,13,51.0
Bole,6,14,49.62
Bole,6,15,48.86
Bole,6,16,55.71
Bole,6,17,56.12
Bole,6,18,73.25
Bole,6,19,72.43
Bole,6,20,70.75
Bole,6,21,80.62
Bole,6,22,76.88
Bole,6,23,63.12
CMC,0,0,7.12
CMC,0,1,5.0
CMC,0,2,4.57
CMC,0,3,3.71
CMC,0,4,10.38
CMC,0,5,23.88
CMC,0,6,49.12
CMC,0,7,66.71
CMC,0,8,54.43
CMC,0,9,34.29
CMC,0,10,23.5
CMC,0,11,21.25
CMC,0,12,23.75
CMC,0,13,22.62
CMC,0,14,19.0
CMC,0,15,20.14
CMC,0,16,24.5
CMC,0,17,44.62
CMC,0,18,50.88
CMC,0,19,54.12
CMC,0,20,52.38
CMC,0,21,35.43
CMC,0,22,24.0
CMC,0,23,14.25
CMC,1,0,8.0
CMC,1,1,6.88
CMC,1,2,3.25
CMC,1,3,4.57
CMC,1,4,11.0
CMC,1,5,20.43
CMC,1,6,49.5
CMC,1,7,67.38
CMC,1,8,50.75
CMC,1,9,30.0
CMC,1,10,24.75
CMC,1,11,24.86
CMC,1,12,29.75
CMC,1,13,27.38
CMC,1,14,27.38
CMC,1,15,21.62
CMC,1,16,31.12
CMC,1,17,33.62
CMC,1,18,56.0
CMC,1,19,63.12
CMC,1,20,50.62
CMC,1,21,36.62
CMC,1,22,22.75
CMC,1,23,11.43
CMC,2,0,6.14
CMC,2,1,4.12
CMC,2,2,5.0
CMC,2,3,4.62
CMC,2,4,8.57
CMC,2,5,23.75
CMC,2,6,46.86
CMC,2,7,72.57
CMC,2,8,51.62
CMC,2,9,32.5
CMC,2,10,20.5
CMC,2,11,25.71
CMC,2,12,24.62
CMC,2,13,24.57
CMC,2,14,21.75
CMC,2,15,22.75
CMC,2,16,27.88
CMC,2,17,43.29
CMC,2,18,52.12
CMC,2,19,60.75
CMC,2,20,51.75
CMC,2,21,36.0
CMC,2,22,21.14
CMC,2,23,12.38
CMC,3,0,5.75
CMC,3,1,6.62
CMC,3,2,6.5
CMC,3,3,4.38
CMC,3,4,7.0
CMC,3,5,17.71
CMC,3,6,49.12
CMC,3,7,55.75
CMC,3,8,52.0
CMC,3,9,36.5
CMC,3,10,27.38
CMC,3,11,26.86
CMC,3,12,31.75
CMC,3,13,24.25
CMC,3,14,28.5
CMC,3,15,24.86
CMC,3,16,24.75
CMC,3,17,45.5
CMC,3,18,46.86
CMC,3,19,50.88
CMC,3,20,50.0
CMC,3,21,32.43
CMC,3,22,20.75
CMC,3,23,13.0
CMC,4,0,6.33
CMC,4,1,4.83
CMC,4,2,4.62
CMC,4,3,5.62
CMC,4,4,6.88
CMC,4,5,23.0
CMC,4,6,50.0
CMC,4,7,66.75
CMC,4,8,56.75
CMC,4,9,30.12
CMC,4,10,21.57
CMC,4,11,24.5
CMC,4,12,26.38
CMC,4,13,26.12
CMC,4,14,23.12
CMC,4,15,21.88
CMC,4,16,29.33
CMC,4,17,48.12
CMC,4,18,60.62
CMC,4,19,64.62
CMC,4,20,58.12
CMC,4,21,35.88
CMC,4,22,27.88
CMC,4,23,11.44
CMC,5,0,7.25
CMC,5,1,8.57
CMC,5,2,5.62
CMC,5,3,6.14
CMC,5,4,6.75
CMC,5,5,8.14
CMC,5,6,10.88
CMC,5,7,14.88
CMC,5,8,26.5
CMC,5,9,36.75
CMC,5,10,39.57
CMC,5,11,44.88
CMC,5,12,55.25
CMC,5,13,48.14
CMC,5,14,49.0
CMC,5,15,45.29
CMC,5,16,45.29
CMC,5,17,52.71
CMC,5,18,51.57
CMC,5,19,59.88
CMC,5,20,53.12
CMC,5,21,36.25
CMC,5,22,23.25
CMC,5,23,13.5
CMC,6,0,8.62
CMC,6,1,7.25
CMC,6,2,6.12
CMC,6,3,8.12
CMC,6,4,5.17
CMC,6,5,6.88
CMC,6,6,10.75
CMC,6,7,16.38
CMC,6,8,29.38
CMC,6,9,33.25
CMC,6,10,45.62
CMC,6,11,43.71
CMC,6,12,48.75
CMC,6,13,58.12
CMC,6,14,47.0
CMC,6,15,46.12
CMC,6,16,43.12
CMC,6,17,52.38
CMC,6,18,52.0
CMC,6,19,51.14
CMC,6,20,40.29
CMC,6,21,37.5
CMC,6,22,27.71
CMC,6,23,10.12
Gerji,0,0,7.88
Gerji,0,1,4.25
Gerji,0,2,3.12
Gerji,0,3,4.88
Gerji,0,4,9.62
Gerji,0,5,22.25
Gerji,0,6,40.12
Gerji,0,7,65.88
Gerji,0,8,47.0
Gerji,0,9,33.38
Gerji,0,10,22.12
Gerji,0,11,21.88
Gerji,0,12,20.12
Gerji,0,13,24.71
Gerji,0,14,18.62
Gerji,0,15,21.62
Gerji,0,16,28.75
Gerji,0,17,41.0
Gerji,0,18,47.0
Gerji,0,19,51.14
Gerji,0,20,47.88
Gerji,0,21,34.0
Gerji,0,22,22.0
Gerji,0,23,11.62
Gerji,1,0,7.5
Gerji,1,1,5.29
Gerji,1,2,4.43
Gerji,1,3,5.0
Gerji,1,4,8.62
Gerji,1,5,22.75
Gerji,1,6,45.5
Gerji,1,7,62.12
Gerji,1,8,48.62
Gerji,1,9,31.5
Gerji,1,10,19.57
Gerji,1,11,22.33
Gerji,1,12,28.88
Gerji,1,13,26.12
Gerji,1,14,27.29
Gerji,1,15,21.38
Gerji,1,16,26.5
Gerji,1,17,36.25
Gerji,1,18,53.88
Gerji,1,19,52.25
Gerji,1,20,47.62
Gerji,1,21,33.25
Gerji,1,22,21.75
Gerji,1,23,10.62
Gerji,2,0,6.62
Gerji,2,1,4.57
Gerji,2,2,4.25
Gerji,2,3,4.5
Gerji,2,4,10.14
Gerji,2,5,22.14
Gerji,2,6,47.38
Gerji,2,7,64.0
Gerji,2,8,46.25
Gerji,2,9,30.12
Gerji,2,10,18.43
Gerji,2,11,23.12
Gerji,2,12,25.5
Gerji,2,13,25.14
Gerji,2,14,21.38
Gerji,2,15,22.25
Gerji,2,16,33.62
Gerji,2,17,37.5
Gerji,2,18,56.62
Gerji,2,19,56.88
Gerji,2,20,48.5
Gerji,2,21,35.43
Gerji,2,22,24.38
Gerji,2,23,10.75
Gerji,3,0,8.12
Gerji,3,1,4.75
Gerji,3,2,4.29
Gerji,3,3,5.38
Gerji,3,4,7.5
Gerji,3,5,17.57
Gerji,3,6,38.86
Gerji,3,7,51.0
Gerji,3,8,48.29
Gerji,3,9,29.14
Gerji,3,10,24.38
Gerji,3,11,23.12
Gerji,3,12,23.25
Gerji,3,13,24.88
Gerji,3,14,27.88
Gerji,3,15,20.5
Gerji,3,16,31.0
Gerji,3,17,40.12
Gerji,3,18,56.75
Gerji,3,19,45.12
Gerji,3,20,46.5
Gerji,3,21,32.43
Gerji,3,22,22.62
Gerji,3,23,13.5
Gerji,4,0,7.25
Gerji,4,1,5.57
Gerji,4,2,4.12
Gerji,4,3,4.88
Gerji,4,4,7.5
Gerji,4,5,19.29
Gerji,4,6,48.75
Gerji,4,7,60.38
Gerji,4,8,52.5
Gerji,4,9,27.62
Gerji,4,10,20.62
Gerji,4,11,18.62
Gerji,4,12,20.75
Gerji,4,13,28.14
Gerji,4,14,22.25
Gerji,4,15,19.88
Gerji,4,16,27.12
Gerji,4,17,42.75
Gerji,4,18,62.25
Gerji,4,19,58.25
Gerji,4,20,51.12
Gerji,4,21,40.38
Gerji,4,22,25.0
Gerji,4,23,11.38
Gerji,5,0,7.43
Gerji,5,1,5.75
Gerji,5,2,5.12
Gerji,5,3,5.25
Gerji,5,4,8.62
Gerji,5,5,7.12
Gerji,5,6,10.5
Gerji,5,7,16.86
Gerji,5,8,27.25
Gerji,5,9,33.38
Gerji,5,10,44.71
Gerji,5,11,49.43
Gerji,5,12,45.5
Gerji,5,13,40.43
Gerji,5,14,45.0
Gerji,5,15,42.62
Gerji,5,16,41.62
Gerji,5,17,53.25
Gerji,5,18,50.75
Gerji,5,19,55.0
Gerji,5,20,46.12
Gerji,5,21,31.62
Gerji,5,22,22.86
Gerji,5,23,11.88
Gerji,6,0,8.57
Gerji,6,1,6.38
Gerji,6,2,7.0
Gerji,6,3,5.57
Gerji,6,4,5.71
Gerji,6,5,7.88
Gerji,6,6,12.12
Gerji,6,7,16.12
Gerji,6,8,29.62
Gerji,6,9,35.43
Gerji,6,10,43.25
Gerji,6,11,42.88
Gerji,6,12,56.75
Gerji,6,13,53.62
Gerji,6,14,48.0
Gerji,6,15,45.62
Gerji,6,16,45.29
Gerji,6,17,50.0
Gerji,6,18,48.12
Gerji,6,19,42.25
Gerji,6,20,47.62
Gerji,6,21,31.71
Gerji,6,22,22.0
Gerji,6,23,11.75
Kazanchis,0,0,5.0
Kazanchis,0,1,5.5
Kazanchis,0,2,5.33
Kazanchis,0,3,5.75
Kazanchis,0,4,4.38
Kazanchis,0,5,10.0
Kazanchis,0,6,24.33
Kazanchis,0,7,67.38
Kazanchis,0,8,89.5
Kazanchis,0,9,56.5
Kazanchis,0,10,26.71
Kazanchis,0,11,25.75
Kazanchis,0,12,45.0
Kazanchis,0,13,60.38
Kazanchis,0,14,48.43
Kazanchis,0,15,48.25
Kazanchis,0,16,75.12
Kazanchis,0,17,111.75
Kazanchis,0,18,114.38
Kazanchis,0,19,80.14
Kazanchis,0,20,64.88
Kazanchis,0,21,27.43
Kazanchis,0,22,18.38
Kazanchis,0,23,9.12
Kazanchis,1,0,5.0
Kazanchis,1,1,6.75
Kazanchis,1,2,5.38
Kazanchis,1,3,5.62
Kazanchis,1,4,4.25
Kazanchis,1,5,9.12
Kazanchis,1,6,25.86
Kazanchis,1,7,70.38
Kazanchis,1,8,79.88
Kazanchis,1,9,65.71
Kazanchis,1,10,28.62
Kazanchis,1,11,22.14
Kazanchis,1,12,45.0
Kazanchis,1,13,60.38
Kazanchis,1,14,64.88
Kazanchis,1,15,44.12
Kazanchis,1,16,69.5
Kazanchis,1,17,108.71
Kazanchis,1,18,121.25
Kazanchis,1,19,85.0
Kazanchis,1,20,55.5
Kazanchis,1,21,33.25
Kazanchis,1,22,16.5
Kazanchis,1,23,9.12
Kazanchis,2,0,6.25
Kazanchis,2,1,5.0
Kazanchis,2,2,6.62
Kazanchis,2,3,5.0
Kazanchis,2,4,5.88
Kazanchis,2,5,8.0
Kazanchis,2,6,24.38
Kazanchis,2,7,60.38
Kazanchis,2,8,85.62
Kazanchis,2,9,58.88
Kazanchis,2,10,28.86
Kazanchis,2,11,26.67
Kazanchis,2,12,47.75
Kazanchis,2,13,55.12
Kazanchis,2,14,45.86
Kazanchis,2,15,47.38
Kazanchis,2,16,86.5
Kazanchis,2,17,132.25
Kazanchis,2,18,132.0
Kazanchis,2,19,93.0
Kazanchis,2,20,70.5
Kazanchis,2,21,57.57
Kazanchis,2,22,25.43
Kazanchis,2,23,7.38
Kazanchis,3,0,7.12
Kazanchis,3,1,5.12
Kazanchis,3,2,5.25
Kazanchis,3,3,6.12
Kazanchis,3,4,4.75
Kazanchis,3,5,10.0
Kazanchis,3,6,23.5
Kazanchis,3,7,63.38
Kazanchis,3,8,64.43
Kazanchis,3,9,60.88
Kazanchis,3,10,25.88
Kazanchis,3,11,23.62
Kazanchis,3,12,36.14
Kazanchis,3,13,61.29
Kazanchis,3,14,47.43
Kazanchis,3,15,44.5
Kazanchis,3,16,62.86
Kazanchis,3,17,91.5
Kazanchis,3,18,105.0
Kazanchis,3,19,84.88
Kazanchis,3,20,58.25
Kazanchis,3,21,33.5
Kazanchis,3,22,20.38
Kazanchis,3,23,9.12
Kazanchis,4,0,5.88
Kazanchis,4,1,5.88
Kazanchis,4,2,4.0
Kazanchis,4,3,5.0
Kazanchis,4,4,5.5
Kazanchis,4,5,7.75
Kazanchis,4,6,24.43
Kazanchis,4,7,68.38
Kazanchis,4,8,86.5
Kazanchis,4,9,61.12
Kazanchis,4,10,26.0
Kazanchis,4,11,24.75
Kazanchis,4,12,46.38
Kazanchis,4,13,64.25
Kazanchis,4,14,52.12
Kazanchis,4,15,53.0
Kazanchis,4,16,88.12
Kazanchis,4,17,139.75
Kazanchis,4,18,163.86
Kazanchis,4,19,109.0
Kazanchis,4,20,74.25
Kazanchis,4,21,43.62
Kazanchis,4,22,25.75
Kazanchis,4,23,9.62
Kazanchis,5,0,7.86
Kazanchis,5,1,6.25
Kazanchis,5,2,6.5
Kazanchis,5,3,5.14
Kazanchis,5,4,6.62
Kazanchis,5,5,6.14
Kazanchis,5,6,6.75
Kazanchis,5,7,10.0
Kazanchis,5,8,17.38
Kazanchis,5,9,18.25
Kazanchis,5,10,24.75
Kazanchis,5,11,29.0
Kazanchis,5,12,31.43
Kazanchis,5,13,40.14
Kazanchis,5,14,42.75
Kazanchis,5,15,33.5
Kazanchis,5,16,33.62
Kazanchis,5,17,68.86
Kazanchis,5,18,62.5
Kazanchis,5,19,37.75
Kazanchis,5,20,32.75
Kazanchis,5,21,25.62
Kazanchis,5,22,17.43
Kazanchis,5,23,10.25
Kazanchis,6,0,6.75
Kazanchis,6,1,6.5
Kazanchis,6,2,3.71
Kazanchis,6,3,5.88
Kazanchis,6,4,6.0
Kazanchis,6,5,7.75
Kazanchis,6,6,8.0
Kazanchis,6,7,10.38
Kazanchis,6,8,14.88
Kazanchis,6,9,17.5
Kazanchis,6,10,21.62
Kazanchis,6,11,23.14
Kazanchis,6,12,25.0
Kazanchis,6,13,40.75
Kazanchis,6,14,33.29
Kazanchis,6,15,25.67
Kazanchis,6,16,29.75
Kazanchis,6,17,43.38
Kazanchis,6,18,47.75
Kazanchis,6,19,48.62
Kazanchis,6,20,34.62
Kazanchis,6,21,27.0
Kazanchis,6,22,15.62
Kazanchis,6,23,12.12
Kolfe,0,0,5.62
Kolfe,0,1,5.0
Kolfe,0,2,3.88
Kolfe,0,3,6.25
Kolfe,0,4,7.62
Kolfe,0,5,19.71
Kolfe,0,6,43.75
Kolfe,0,7,62.86
Kolfe,0,8,50.29
Kolfe,0,9,29.38
Kolfe,0,10,17.88
Kolfe,0,11,19.38
Kolfe,0,12,23.0
Kolfe,0,13,25.86
Kolfe,0,14,19.62
Kolfe,0,15,17.38
Kolfe,0,16,23.62
Kolfe,0,17,39.86
Kolfe,0,18,42.75
Kolfe,0,19,50.12
Kolfe,0,20,43.86
Kolfe,0,21,31.71
Kolfe,0,22,18.25
Kolfe,0,23,12.0
Kolfe,1,0,5.25
Kolfe,1,1,4.75
Kolfe,1,2,4.43
Kolfe,1,3,5.5
Kolfe,1,4,7.75
Kolfe,1,5,16.12
Kolfe,1,6,43.12
Kolfe,1,7,67.25
Kolfe,1,8,44.38
Kolfe,1,9,26.0
Kolfe,1,10,18.5
Kolfe,1,11,19.38
Kolfe,1,12,22.38
Kolfe,1,13,22.12
Kolfe,1,14,22.62
Kolfe,1,15,19.38
Kolfe,1,16,29.88
Kolfe,1,17,37.12
Kolfe,1,18,52.12
Kolfe,1,19,51.12
Kolfe,1,20,47.62
Kolfe,1,21,34.0
Kolfe,1,22,20.0
Kolfe,1,23,11.38
Kolfe,2,0,5.75
Kolfe,2,1,4.71
Kolfe,2,2,4.38
Kolfe,2,3,4.38
Kolfe,2,4,8.88
Kolfe,2,5,21.75
Kolfe,2,6,47.75
Kolfe,2,7,58.29
Kolfe,2,8,49.5
Kolfe,2,9,30.12
Kolfe,2,10,23.38
Kolfe,2,11,21.86
Kolfe,2,12,20.62
Kolfe,2,13,23.62
Kolfe,2,14,19.62
Kolfe,2,15,19.25
Kolfe,2,16,25.38
Kolfe,2,17,35.12
Kolfe,2,18,46.12
Kolfe,2,19,49.25
Kolfe,2,20,45.0
Kolfe,2,21,30.5
Kolfe,2,22,19.0
Kolfe,2,23,10.88
Kolfe,3,0,6.88
Kolfe,3,1,4.38
Kolfe,3,2,4.62
Kolfe,3,3,5.0
Kolfe,3,4,6.57
Kolfe,3,5,19.25
Kolfe,3,6,41.88
Kolfe,3,7,53.62
Kolfe,3,8,43.29
Kolfe,3,9,27.5
Kolfe,3,10,25.0
Kolfe,3,11,23.5
Kolfe,3,12,22.0
Kolfe,3,13,23.75
Kolfe,3,14,25.71
Kolfe,3,15,19.25
Kolfe,3,16,26.25
Kolfe,3,17,38.43
Kolfe,3,18,49.57
Kolfe,3,19,44.5
Kolfe,3,20,47.14
Kolfe,3,21,30.29
Kolfe,3,22,20.88
Kolfe,3,23,10.75
Kolfe,4,0,4.75
Kolfe,4,1,4.88
Kolfe,4,2,3.57
Kolfe,4,3,3.88
Kolfe,4,4,7.38
Kolfe,4,5,16.14
Kolfe,4,6,42.38
Kolfe,4,7,66.29
Kolfe,4,8,45.75
Kolfe,4,9,26.86
Kolfe,4,10,22.0
Kolfe,4,11,19.75
Kolfe,4,12,25.5
Kolfe,4,13,23.0
Kolfe,4,14,20.25
Kolfe,4,15,20.0
Kolfe,4,16,23.25
Kolfe,4,17,40.5
Kolfe,4,18,54.12
Kolfe,4,19,63.5
Kolfe,4,20,52.75
Kolfe,4,21,34.75
Kolfe,4,22,25.62
Kolfe,4,23,9.78
Kolfe,5,0,8.0
Kolfe,5,1,5.0
Kolfe,5,2,6.25
Kolfe,5,3,4.0
Kolfe,5,4,5.62
Kolfe,5,5,7.12
Kolfe,5,6,11.62
Kolfe,5,7,18.75
Kolfe,5,8,26.75
Kolfe,5,9,33.0
Kolfe,5,10,39.38
Kolfe,5,11,43.12
Kolfe,5,12,43.43
Kolfe,5,13,38.88
Kolfe,5,14,38.83
Kolfe,5,15,41.12
Kolfe,5,16,39.5
Kolfe,5,17,44.75
Kolfe,5,18,46.38
Kolfe,5,19,48.0
Kolfe,5,20,41.0
Kolfe,5,21,32.75
Kolfe,5,22,21.0
Kolfe,5,23,9.75
Kolfe,6,0,7.25
Kolfe,6,1,6.0
Kolfe,6,2,4.5
Kolfe,6,3,5.12
Kolfe,6,4,5.25
Kolfe,6,5,7.75
Kolfe,6,6,10.0
Kolfe,6,7,15.5
Kolfe,6,8,22.75
Kolfe,6,9,29.43
Kolfe,6,10,38.62
Kolfe,6,11,38.75
Kolfe,6,12,48.12
Kolfe,6,13,44.88
Kolfe,6,14,47.62
Kolfe,6,15,40.86
Kolfe,6,16,38.57
Kolfe,6,17,45.75
Kolfe,6,18,45.75
Kolfe,6,19,46.25
Kolfe,6,20,32.38
Kolfe,6,21,29.71
Kolfe,6,22,24.88
Kolfe,6,23,11.62
Lideta,0,0,8.25
Lideta,0,1,5.5
Lideta,0,2,5.25
Lideta,0,3,6.88
Lideta,0,4,9.75
Lideta,0,5,16.88
Lideta,0,6,37.62
Lideta,0,7,65.12
Lideta,0,8,78.83
Lideta,0,9,48.5
Lideta,0,10,39.62
Lideta,0,11,40.75
Lideta,0,12,37.12
Lideta,0,13,37.88
Lideta,0,14,35.0
Lideta,0,15,34.25
Lideta,0,16,53.25
Lideta,0,17,65.43
Lideta,0,18,79.0
Lideta,0,19,56.14
Lideta,0,20,34.25
Lideta,0,21,17.75
Lideta,0,22,10.12
Lideta,0,23,8.62
Lideta,1,0,6.88
Lideta,1,1,6.88
Lideta,1,2,6.43
Lideta,1,3,6.88
Lideta,1,4,6.71
Lideta,1,5,16.12
Lideta,1,6,41.62
Lideta,1,7,62.75
Lideta,1,8,66.88
Lideta,1,9,51.38
Lideta,1,10,35.38
Lideta,1,11,33.12
Lideta,1,12,40.12
Lideta,1,13,35.12
Lideta,1,14,44.75
Lideta,1,15,35.62
Lideta,1,16,49.57
Lideta,1,17,60.0
Lideta,1,18,79.5
Lideta,1,19,64.29
Lideta,1,20,36.75
Lideta,1,21,18.88
Lideta,1,22,7.5
Lideta,1,23,7.0
Lideta,2,0,5.71
Lideta,2,1,7.75
Lideta,2,2,4.62
Lideta,2,3,5.75
Lideta,2,4,8.75
Lideta,2,5,13.62
Lideta,2,6,31.62
Lideta,2,7,54.14
Lideta,2,8,62.0
Lideta,2,9,53.57
Lideta,2,10,39.0
Lideta,2,11,35.38
Lideta,2,12,41.71
Lideta,2,13,45.25
Lideta,2,14,35.88
Lideta,2,15,35.14
Lideta,2,16,53.38
Lideta,2,17,79.5
Lideta,2,18,75.75
Lideta,2,19,56.62
Lideta,2,20,37.88
Lideta,2,21,19.0
Lideta,2,22,8.71
Lideta,2,23,7.62
Lideta,3,0,6.43
Lideta,3,1,5.86
Lideta,3,2,5.57
Lideta,3,3,7.12
Lideta,3,4,9.38
Lideta,3,5,17.71
Lideta,3,6,31.38
Lideta,3,7,64.38
Lideta,3,8,57.5
Lideta,3,9,47.88
Lideta,3,10,42.88
Lideta,3,11,37.12
Lideta,3,12,40.25
Lideta,3,13,39.38
Lideta,3,14,35.0
Lideta,3,15,39.25
Lideta,3,16,48.0
Lideta,3,17,69.62
Lideta,3,18,78.0
Lideta,3,19,59.57
Lideta,3,20,32.88
Lideta,3,21,17.75
Lideta,3,22,10.12
Lideta,3,23,7.5
Lideta,4,0,6.17
Lideta,4,1,7.38
Lideta,4,2,6.75
Lideta,4,3,8.5
Lideta,4,4,6.17
Lideta,4,5,12.75
Lideta,4,6,39.38
Lideta,4,7,62.5
Lideta,4,8,73.5
Lideta,4,9,44.12
Lideta,4,10,37.14
Lideta,4,11,36.71
Lideta,4,12,41.0
Lideta,4,13,44.88
Lideta,4,14,42.25
Lideta,4,15,37.12
Lideta,4,16,47.86
Lideta,4,17,80.5
Lideta,4,18,83.5
Lideta,4,19,73.29
Lideta,4,20,42.62
Lideta,4,21,19.38
Lideta,4,22,10.0
Lideta,4,23,8.0
Lideta,5,0,10.38
Lideta,5,1,6.71
Lideta,5,2,7.38
Lideta,5,3,8.0
Lideta,5,4,9.86
Lideta,5,5,9.75
Lideta,5,6,13.62
Lideta,5,7,17.43
Lideta,5,8,26.71
Lideta,5,9,29.25
Lideta,5,10,39.75
Lideta,5,11,41.0
Lideta,5,12,41.25
Lideta,5,13,44.86
Lideta,5,14,44.0
Lideta,5,15,47.88
Lideta,5,16,43.5
Lideta,5,17,48.0
Lideta,5,18,45.0
Lideta,5,19,35.62
Lideta,5,20,32.62
Lideta,5,21,20.5
Lideta,5,22,18.5
Lideta,5,23,12.5
Lideta,6,0,9.12
Lideta,6,1,7.25
Lideta,6,2,9.57
Lideta,6,3,11.86
Lideta,6,4,8.62
Lideta,6,5,11.0
Lideta,6,6,15.25
Lideta,6,7,22.62
Lideta,6,8,29.38
Lideta,6,9,34.62
Lideta,6,10,40.62
Lideta,6,11,41.75
Lideta,6,12,48.57
Lideta,6,13,42.33
Lideta,6,14,43.38
Lideta,6,15,47.75
Lideta,6,16,53.88
Lideta,6,17,54.57
Lideta,6,18,43.57
Lideta,6,19,36.0
Lideta,6,20,27.12
Lideta,6,21,23.12
Lideta,6,22,14.88
Lideta,6,23,10.75
Megenagna,0,0,9.38
Megenagna,0,1,8.88
Megenagna,0,2,9.71
Megenagna,0,3,8.38
Megenagna,0,4,9.86
Megenagna,0,5,22.88
Megenagna,0,6,50.75
Megenagna,0,7,91.62
Megenagna,0,8,86.62
Megenagna,0,9,65.71
Megenagna,0,10,48.5
Megenagna,0,11,46.0
Megenagna,0,12,54.0
Megenagna,0,13,56.88
Megenagna,0,14,52.38
Megenagna,0,15,48.88
Megenagna,0,16,64.62
Megenagna,0,17,93.0
Megenagna,0,18,112.86
Megenagna,0,19,83.62
Megenagna,0,20,52.12
Megenagna,0,21,24.5
Megenagna,0,22,12.38
Megenagna,0,23,8.25
Megenagna,1,0,9.0
Megenagna,1,1,11.0
Megenagna,1,2,9.25
Megenagna,1,3,10.0
Megenagna,1,4,12.38
Megenagna,1,5,23.38
Megenagna,1,6,51.71
Megenagna,1,7,94.29
Megenagna,1,8,94.0
Megenagna,1,9,69.0
Megenagna,1,10,40.25
Megenagna,1,11,47.0
Megenagna,1,12,52.75
Megenagna,1,13,44.71
Megenagna,1,14,61.5
Megenagna,1,15,50.12
Megenagna,1,16,74.88
Megenagna,1,17,95.71
Megenagna,1,18,113.86
Megenagna,1,19,82.38
Megenagna,1,20,47.5
Megenagna,1,21,24.75
Megenagna,1,22,10.0
Megenagna,1,23,8.88
Megenagna,2,0,7.75
Megenagna,2,1,9.62
Megenagna,2,2,10.12
Megenagna,2,3,9.14
Megenagna,2,4,13.25
Megenagna,2,5,24.38
Megenagna,2,6,45.88
Megenagna,2,7,91.12
Megenagna,2,8,87.25
Megenagna,2,9,62.0
Megenagna,2,10,47.75
Megenagna,2,11,50.71
Megenagna,2,12,51.62
Megenagna,2,13,53.25
Megenagna,2,14,53.38
Megenagna,2,15,55.5
Megenagna,2,16,72.43
Megenagna,2,17,99.38
Megenagna,2,18,112.88
Megenagna,2,19,89.12
Megenagna,2,20,61.57
Megenagna,2,21,20.0
Megenagna,2,22,13.88
Megenagna,2,23,10.12
Megenagna,3,0,10.25
Megenagna,3,1,7.86
Megenagna,3,2,8.71
Megenagna,3,3,11.5
Megenagna,3,4,10.75
Megenagna,3,5,20.75
Megenagna,3,6,50.38
Megenagna,3,7,74.88
Megenagna,3,8,92.38
Megenagna,3,9,64.12
Megenagna,3,10,50.75
Megenagna,3,11,48.12
Megenagna,3,12,53.12
Megenagna,3,13,51.86
Megenagna,3,14,50.5
Megenagna,3,15,54.33
Megenagna,3,16,65.5
Megenagna,3,17,90.0
Megenagna,3,18,101.5
Megenagna,3,19,73.25
Megenagna,3,20,41.0
Megenagna,3,21,23.71
Megenagna,3,22,15.38
Megenagna,3,23,9.0
Megenagna,4,0,10.38
Megenagna,4,1,11.5
Megenagna,4,2,6.12
Megenagna,4,3,9.12
Megenagna,4,4,13.88
Megenagna,4,5,24.86
Megenagna,4,6,54.62
Megenagna,4,7,81.62
Megenagna,4,8,86.25
Megenagna,4,9,65.5
Megenagna,4,10,45.12
Megenagna,4,11,51.0
Megenagna,4,12,57.38
Megenagna,4,13,67.12
Megenagna,4,14,57.75
Megenagna,4,15,52.0
Megenagna,4,16,62.57
Megenagna,4,17,103.75
Megenagna,4,18,118.62
Megenagna,4,19,97.86
Megenagna,4,20,55.5
Megenagna,4,21,23.5
Megenagna,4,22,17.38
Megenagna,4,23,10.22
Megenagna,5,0,12.86
Megenagna,5,1,12.25
Megenagna,5,2,12.25
Megenagna,5,3,12.43
Megenagna,5,4,13.75
Megenagna,5,5,15.5
Megenagna,5,6,20.62
Megenagna,5,7,25.67
Megenagna,5,8,41.5
Megenagna,5,9,40.38
Megenagna,5,10,54.38
Megenagna,5,11,56.25
Megenagna,5,12,58.29
Megenagna,5,13,61.0
Megenagna,5,14,65.5
Megenagna,5,15,65.25
Megenagna,5,16,58.75
Megenagna,5,17,66.12
Megenagna,5,18,56.12
Megenagna,5,19,52.62
Megenagna,5,20,45.62
Megenagna,5,21,29.33
Megenagna,5,22,24.88
Megenagna,5,23,15.57
Megenagna,6,0,11.75
Megenagna,6,1,10.88
Megenagna,6,2,15.25
Megenagna,6,3,12.25
Megenagna,6,4,11.88
Megenagna,6,5,14.38
Megenagna,6,6,18.75
Megenagna,6,7,32.88
Megenagna,6,8,32.71
Megenagna,6,9,44.88
Megenagna,6,10,51.88
Megenagna,6,11,54.33
Megenagna,6,12,59.88
Megenagna,6,13,69.6
Megenagna,6,14,72.38
Megenagna,6,15,64.0
Megenagna,6,16,62.25
Megenagna,6,17,66.62
Megenagna,6,18,54.88
Megenagna,6,19,42.29
Megenagna,6,20,38.75
Megenagna,6,21,29.25
Megenagna,6,22,25.75
Megenagna,6,23,14.86
Merkato,0,0,5.14
Merkato,0,1,4.25
Merkato,0,2,3.86
Merkato,0,3,5.25
Merkato,0,4,9.5
Merkato,0,5,20.71
Merkato,0,6,47.43
Merkato,0,7,91.5
Merkato,0,8,79.25
Merkato,0,9,78.38
Merkato,0,10,92.25
Merkato,0,11,96.43
Merkato,0,12,119.88
Merkato,0,13,100.14
Merkato,0,14,106.86
Merkato,0,15,93.12
Merkato,0,16,78.29
Merkato,0,17,61.12
Merkato,0,18,39.5
Merkato,0,19,23.75
Merkato,0,20,12.88
Merkato,0,21,7.88
Merkato,0,22,5.62
Merkato,0,23,2.57
Merkato,1,0,5.12
Merkato,1,1,4.25
Merkato,1,2,5.88
Merkato,1,3,7.12
Merkato,1,4,7.88
Merkato,1,5,24.0
Merkato,1,6,52.62
Merkato,1,7,83.75
Merkato,1,8,84.0
Merkato,1,9,83.71
Merkato,1,10,87.75
Merkato,1,11,103.38
Merkato,1,12,91.12
Merkato,1,13,100.5
Merkato,1,14,86.75
Merkato,1,15,101.57
Merkato,1,16,80.62
Merkato,1,17,62.5
Merkato,1,18,36.88
Merkato,1,19,25.71
Merkato,1,20,11.62
Merkato,1,21,8.38
Merkato,1,22,5.88
Merkato,1,23,4.71
Merkato,2,0,5.25
Merkato,2,1,4.12
Merkato,2,2,3.62
Merkato,2,3,5.75
Merkato,2,4,10.75
Merkato,2,5,20.14
Merkato,2,6,52.0
Merkato,2,7,84.38
Merkato,2,8,77.38
Merkato,2,9,82.25
Merkato,2,10,94.25
Merkato,2,11,112.38
Merkato,2,12,110.71
Merkato,2,13,108.0
Merkato,2,14,103.25
Merkato,2,15,108.0
Merkato,2,16,84.2
Merkato,2,17,59.12
Merkato,2,18,39.62
Merkato,2,19,25.38
Merkato,2,20,13.75
Merkato,2,21,7.75
Merkato,2,22,6.38
Merkato,2,23,5.88
Merkato,3,0,5.12
Merkato,3,1,5.14
Merkato,3,2,5.12
Merkato,3,3,6.38
Merkato,3,4,10.43
Merkato,3,5,18.5
Merkato,3,6,51.25
Merkato,3,7,75.0
Merkato,3,8,82.75
Merkato,3,9,79.0
Merkato,3,10,87.25
Merkato,3,11,85.62
Merkato,3,12,95.88
Merkato,3,13,99.25
Merkato,3,14,100.62
Merkato,3,15,97.25
Merkato,3,16,81.12
Merkato,3,17,57.25
Merkato,3,18,38.5
Merkato,3,19,20.88
Merkato,3,20,13.25
Merkato,3,21,6.25
Merkato,3,22,5.88
Merkato,3,23,4.14
Merkato,4,0,6.88
Merkato,4,1,4.12
Merkato,4,2,4.67
Merkato,4,3,5.62
Merkato,4,4,10.62
Merkato,4,5,15.25
Merkato,4,6,56.0
Merkato,4,7,88.29
Merkato,4,8,75.62
Merkato,4,9,81.0
Merkato,4,10,88.12
Merkato,4,11,106.71
Merkato,4,12,96.38
Merkato,4,13,102.12
Merkato,4,14,101.29
Merkato,4,15,93.57
Merkato,4,16,79.75
Merkato,4,17,60.38
Merkato,4,18,34.5
Merkato,4,19,26.25
Merkato,4,20,11.25
Merkato,4,21,7.75
Merkato,4,22,4.62
Merkato,4,23,5.56
Merkato,5,0,6.5
Merkato,5,1,6.57
Merkato,5,2,5.38
Merkato,5,3,6.12
Merkato,5,4,10.25
Merkato,5,5,25.0
Merkato,5,6,55.75
Merkato,5,7,100.57
Merkato,5,8,84.62
Merkato,5,9,93.25
Merkato,5,10,104.5
Merkato,5,11,106.75
Merkato,5,12,122.5
Merkato,5,13,111.71
Merkato,5,14,126.5
Merkato,5,15,111.12
Merkato,5,16,92.12
Merkato,5,17,69.14
Merkato,5,18,44.88
Merkato,5,19,28.62
Merkato,5,20,15.29
Merkato,5,21,8.38
Merkato,5,22,5.62
Merkato,5,23,7.0
Merkato,6,0,2.29
Merkato,6,1,3.86
Merkato,6,2,2.62
Merkato,6,3,3.75
Merkato,6,4,4.86
Merkato,6,5,8.0
Merkato,6,6,25.43
Merkato,6,7,48.25
Merkato,6,8,39.0
Merkato,6,9,45.75
Merkato,6,10,48.71
Merkato,6,11,50.0
Merkato,6,12,47.38
Merkato,6,13,50.12
Merkato,6,14,46.38
Merkato,6,15,45.88
Merkato,6,16,33.29
Merkato,6,17,25.25
Merkato,6,18,20.75
Merkato,6,19,11.12
Merkato,6,20,5.88
Merkato,6,21,4.88
Merkato,6,22,1.88
Merkato,6,23,3.88
Piassa,0,0,4.5
Piassa,0,1,5.25
Piassa,0,2,5.62
Piassa,0,3,5.38
Piassa,0,4,5.0
Piassa,0,5,9.88
Piassa,0,6,20.5
Piassa,0,7,53.57
Piassa,0,8,76.0
Piassa,0,9,58.5
Piassa,0,10,27.25
Piassa,0,11,20.0
Piassa,0,12,36.88
Piassa,0,13,49.25
Piassa,0,14,47.57
Piassa,0,15,38.29
Piassa,0,16,59.75
Piassa,0,17,85.5
Piassa,0,18,98.25
Piassa,0,19,76.5
Piassa,0,20,62.88
Piassa,0,21,32.0
Piassa,0,22,17.86
Piassa,0,23,7.38
Piassa,1,0,5.38
Piassa,1,1,4.5
Piassa,1,2,5.29
Piassa,1,3,7.0
Piassa,1,4,6.12
Piassa,1,5,7.25
Piassa,1,6,23.25
Piassa,1,7,51.25
Piassa,1,8,79.0
Piassa,1,9,59.71
Piassa,1,10,27.88
Piassa,1,11,20.25
Piassa,1,12,40.5
Piassa,1,13,59.14
Piassa,1,14,53.62
Piassa,1,15,45.29
Piassa,1,16,62.25
Piassa,1,17,83.75
Piassa,1,18,104.0
Piassa,1,19,78.38
Piassa,1,20,60.5
Piassa,1,21,31.25
Piassa,1,22,17.75
Piassa,1,23,7.62
Piassa,2,0,4.88
Piassa,2,1,4.5
Piassa,2,2,3.88
Piassa,2,3,4.57
Piassa,2,4,5.38
Piassa,2,5,6.57
Piassa,2,6,26.75
Piassa,2,7,52.25
Piassa,2,8,77.29
Piassa,2,9,54.29
Piassa,2,10,26.75
Piassa,2,11,24.25
Piassa,2,12,38.25
Piassa,2,13,53.12
Piassa,2,14,42.25
Piassa,2,15,48.25
Piassa,2,16,70.0
Piassa,2,17,88.86
Piassa,2,18,107.62
Piassa,2,19,77.0
Piassa,2,20,56.0
Piassa,2,21,35.0
Piassa,2,22,16.88
Piassa,2,23,7.12
Piassa,3,0,5.75
Piassa,3,1,4.38
Piassa,3,2,3.5
Piassa,3,3,3.67
Piassa,3,4,3.62
Piassa,3,5,8.12
Piassa,3,6,19.12
Piassa,3,7,55.62
Piassa,3,8,62.88
Piassa,3,9,55.62
Piassa,3,10,27.38
Piassa,3,11,22.62
Piassa,3,12,35.88
Piassa,3,13,53.38
Piassa,3,14,45.25
Piassa,3,15,43.88
Piassa,3,16,61.0
Piassa,3,17,91.57
Piassa,3,18,93.62
Piassa,3,19,65.12
Piassa,3,20,53.75
Piassa,3,21,29.75
Piassa,3,22,16.0
Piassa,3,23,9.12
Piassa,4,0,5.38
Piassa,4,1,5.43
Piassa,4,2,5.75
Piassa,4,3,4.62
Piassa,4,4,5.0
Piassa,4,5,6.12
Piassa,4,6,22.75
Piassa,4,7,56.29
Piassa,4,8,81.57
Piassa,4,9,53.38
Piassa,4,10,26.29
Piassa,4,11,18.88
Piassa,4,12,37.5
Piassa,4,13,58.43
Piassa,4,14,54.12
Piassa,4,15,51.12
Piassa,4,16,68.38
Piassa,4,17,110.25
Piassa,4,18,119.25
Piassa,4,19,96.25
Piassa,4,20,59.75
Piassa,4,21,34.0
Piassa,4,22,20.29
Piassa,4,23,8.0
Piassa,5,0,7.25
Piassa,5,1,6.38
Piassa,5,2,7.25
Piassa,5,3,5.43
Piassa,5,4,5.88
Piassa,5,5,6.0
Piassa,5,6,6.25
Piassa,5,7,7.88
Piassa,5,8,15.5
Piassa,5,9,17.5
Piassa,5,10,22.75
Piassa,5,11,28.12
Piassa,5,12,27.62
Piassa,5,13,29.12
Piassa,5,14,25.38
Piassa,5,15,25.62
Piassa,5,16,23.14
Piassa,5,17,37.75
Piassa,5,18,44.38
Piassa,5,19,37.88
Piassa,5,20,31.29
Piassa,5,21,24.25
Piassa,5,22,15.12
Piassa,5,23,9.14
Piassa,6,0,8.38
Piassa,6,1,5.38
Piassa,6,2,5.25
Piassa,6,3,3.86
Piassa,6,4,5.75
Piassa,6,5,4.88
Piassa,6,6,8.25
Piassa,6,7,9.12
Piassa,6,8,12.5
Piassa,6,9,15.12
Piassa,6,10,20.43
Piassa,6,11,22.12
Piassa,6,12,31.29
Piassa,6,13,29.0
Piassa,6,14,24.5
Piassa,6,15,20.38
Piassa,6,16,27.88
Piassa,6,17,32.0
Piassa,6,18,33.12
Piassa,6,19,32.12
Piassa,6,20,28.88
Piassa,6,21,21.38
Piassa,6,22,16.5
Piassa,6,23,8.0
Sarbet,0,0,4.88
Sarbet,0,1,5.43
Sarbet,0,2,3.5
Sarbet,0,3,4.5
Sarbet,0,4,8.0
Sarbet,0,5,17.25
Sarbet,0,6,45.62
Sarbet,0,7,55.5
Sarbet,0,8,49.38
Sarbet,0,9,25.38
Sarbet,0,10,19.57
Sarbet,0,11,18.25
Sarbet,0,12,23.57
Sarbet,0,13,22.12
Sarbet,0,14,23.25
Sarbet,0,15,18.38
Sarbet,0,16,25.75
Sarbet,0,17,29.86
Sarbet,0,18,44.12
Sarbet,0,19,45.25
Sarbet,0,20,47.14
Sarbet,0,21,29.88
Sarbet,0,22,21.14
Sarbet,0,23,10.57
Sarbet,1,0,6.38
Sarbet,1,1,3.75
Sarbet,1,2,4.0
Sarbet,1,3,5.25
Sarbet,1,4,7.43
Sarbet,1,5,17.71
Sarbet,1,6,41.88
Sarbet,1,7,59.75
Sarbet,1,8,43.25
Sarbet,1,9,29.62
Sarbet,1,10,21.62
Sarbet,1,11,20.75
Sarbet,1,12,19.88
Sarbet,1,13,18.57
Sarbet,1,14,23.0
Sarbet,1,15,20.25
Sarbet,1,16,23.38
Sarbet,1,17,31.5
Sarbet,1,18,44.0
Sarbet,1,19,46.5
Sarbet,1,20,41.38
Sarbet,1,21,25.12
Sarbet,1,22,19.38
Sarbet,1,23,8.29
Sarbet,2,0,6.0
Sarbet,2,1,4.0
Sarbet,2,2,5.38
Sarbet,2,3,3.25
Sarbet,2,4,7.38
Sarbet,2,5,23.88
Sarbet,2,6,42.5
Sarbet,2,7,59.25
Sarbet,2,8,43.75
Sarbet,2,9,25.25
Sarbet,2,10,19.25
Sarbet,2,11,18.88
Sarbet,2,12,17.0
Sarbet,2,13,21.25
Sarbet,2,14,16.0
Sarbet,2,15,17.62
Sarbet,2,16,23.62
Sarbet,2,17,38.62
Sarbet,2,18,42.62
Sarbet,2,19,49.25
Sarbet,2,20,43.12
Sarbet,2,21,28.25
Sarbet,2,22,19.43
Sarbet,2,23,8.29
Sarbet,3,0,6.5
Sarbet,3,1,5.0
Sarbet,3,2,4.62
Sarbet,3,3,3.75
Sarbet,3,4,7.38
Sarbet,3,5,14.62
Sarbet,3,6,42.25
Sarbet,3,7,49.38
Sarbet,3,8,41.86
Sarbet,3,9,28.25
Sarbet,3,10,22.38
Sarbet,3,11,22.5
Sarbet,3,12,23.25
Sarbet,3,13,21.14
Sarbet,3,14,23.62
Sarbet,3,15,21.75
Sarbet,3,16,21.43
Sarbet,3,17,39.5
Sarbet,3,18,46.12
Sarbet,3,19,42.25
Sarbet,3,20,43.88
Sarbet,3,21,29.86
Sarbet,3,22,21.5
Sarbet,3,23,9.88
Sarbet,4,0,4.29
Sarbet,4,1,3.25
Sarbet,4,2,4.5
Sarbet,4,3,4.5
Sarbet,4,4,9.62
Sarbet,4,5,18.12
Sarbet,4,6,43.62
Sarbet,4,7,56.14
Sarbet,4,8,52.25
Sarbet,4,9,26.75
Sarbet,4,10,16.38
Sarbet,4,11,20.43
Sarbet,4,12,22.12
Sarbet,4,13,21.12
Sarbet,4,14,18.12
Sarbet,4,15,17.62
Sarbet,4,16,26.38
Sarbet,4,17,41.29
Sarbet,4,18,52.25
Sarbet,4,19,47.12
Sarbet,4,20,47.38
Sarbet,4,21,31.25
Sarbet,4,22,23.5
Sarbet,4,23,10.44
Sarbet,5,0,9.0
Sarbet,5,1,4.88
Sarbet,5,2,5.71
Sarbet,5,3,6.5
Sarbet,5,4,4.62
Sarbet,5,5,4.88
Sarbet,5,6,9.5
Sarbet,5,7,13.0
Sarbet,5,8,24.0
Sarbet,5,9,31.0
Sarbet,5,10,36.5
Sarbet,5,11,42.12
Sarbet,5,12,40.75
Sarbet,5,13,37.0
Sarbet,5,14,40.75
Sarbet,5,15,42.0
Sarbet,5,16,42.12
Sarbet,5,17,44.0
Sarbet,5,18,38.67
Sarbet,5,19,44.14
Sarbet,5,20,41.12
Sarbet,5,21,28.12
Sarbet,5,22,19.29
Sarbet,5,23,8.0
Sarbet,6,0,6.88
Sarbet,6,1,5.14
Sarbet,6,2,4.5
Sarbet,6,3,4.0
Sarbet,6,4,4.5
Sarbet,6,5,8.0
Sarbet,6,6,9.62
Sarbet,6,7,14.38
Sarbet,6,8,24.88
Sarbet,6,9,29.25
Sarbet,6,10,33.38
Sarbet,6,11,44.88
Sarbet,6,12,43.5
Sarbet,6,13,43.0
Sarbet,6,14,43.62
Sarbet,6,15,38.43
Sarbet,6,16,42.0
Sarbet,6,17,44.88
Sarbet,6,18,43.25
Sarbet,6,19,44.0
Sarbet,6,20,33.5
Sarbet,6,21,30.62
Sarbet,6,22,18.0
Sarbet,6,23,12.12
